,V,Cr,Mg,Fe,Co,Ni,Cu,S,Se,P,blank,Volt,Time
Exp#1,5,5,25,0,5,0,10,15,0,5,0,-1.2,90
Exp#2,0,5,5,10,10,0,0,15,10,0,15,-1.2,60
Exp#3,5,10,10,0,10,0,10,5,10,5,5,-1.3,120
Exp#4,5,0,0,25,0,10,0,10,10,10,0,-1.4,90
Exp#5,0,10,0,0,5,15,5,10,10,15,0,-1.3,120
Exp#6,15,0,0,0,5,0,0,0,0,20,30,-1.2,60
Exp#7,0,0,0,15,5,20,0,5,0,20,5,-1.1,90
Exp#8,0,5,5,5,5,10,5,35,0,0,0,-1.3,150
Exp#9,5,0,0,5,0,15,20,15,5,5,0,-1.3,120
Exp#10,15,0,5,0,0,0,5,20,0,0,25,-1.5,150
Exp#11,0,5,0,0,15,5,15,5,0,25,0,-1.1,60
Exp#12,0,0,0,0,10,10,20,10,0,10,10,-1.1,150
Exp#13,0,0,5,5,0,0,10,35,10,5,0,-1.5,120
Exp#14,20,20,0,5,5,0,0,0,20,0,0,-1.4,60
Exp#15,20,0,0,0,0,10,0,10,0,15,15,-1.2,150
Exp#16,10,0,20,0,0,0,5,10,15,5,5,-1.3,120
Exp#17,5,5,0,10,5,0,5,5,30,0,5,-1.4,150
Exp#18,0,0,0,0,0,10,15,10,10,15,10,-1.4,60
Exp#19,0,5,5,5,0,5,0,25,5,15,5,-1.1,120
Exp#20,0,0,10,5,5,10,5,5,15,10,5,-1.2,150
Exp#21,5,0,0,5,5,0,15,10,30,0,0,-1.3,60
Exp#22,0,5,10,15,5,5,0,0,15,5,10,-1.3,150
Exp#23,5,15,0,0,0,5,5,25,10,0,5,-1.1,150
Exp#24,5,0,0,5,10,25,0,15,0,5,5,-1.5,90
Exp#25,35,0,0,0,0,0,0,30,0,0,5,-1.4,150
Exp#26,20,0,0,5,20,5,0,5,5,10,0,-1.3,60
Exp#27,0,0,5,20,5,0,0,5,10,20,5,-1.4,150
Exp#28,0,0,0,0,5,5,15,5,40,0,0,-1.3,150
Exp#29,20,5,10,0,5,0,10,10,5,5,0,-1.1,150
Exp#30,0,15,0,0,10,0,5,0,20,15,5,-1.3,150
Exp#31,0,0,15,0,0,0,10,5,10,30,0,-1.2,60
Exp#32,0,5,10,0,5,0,20,5,20,0,5,-1.2,60
Exp#33,25,0,5,0,0,0,0,20,0,10,10,-1.5,150
Exp#34,0,0,15,5,15,5,0,15,10,5,0,-1.3,150
Exp#35,10,5,10,5,15,0,0,5,0,15,5,-1.3,90
Exp#36,10,10,0,0,0,5,0,35,10,0,0,-1.1,60
Exp#37,10,5,10,15,5,0,0,10,5,10,0,-1.2,150
Exp#38,15,10,0,0,5,0,5,0,5,15,15,-1.2,60
Exp#39,0,15,0,0,10,10,5,20,5,0,5,-1.5,90
Exp#40,0,15,5,5,5,0,5,5,5,10,15,-1.5,120
Exp#41,5,0,0,10,15,0,0,20,0,5,15,-1.4,60
Exp#42,10,0,0,10,0,0,0,0,0,50,0,-1.4,60
Exp#43,0,0,0,0,20,20,0,0,20,10,0,-1.3,60
Exp#44,0,0,0,5,15,5,5,5,35,0,0,-1.1,150
Exp#45,0,5,10,5,20,5,5,0,15,5,0,-1.2,120
Exp#46,5,0,5,5,5,10,10,5,15,0,10,-1.5,120
Exp#47,15,0,5,10,0,20,0,5,5,10,0,-1.4,60
Exp#48,5,10,10,0,0,5,0,35,0,5,0,-1.4,90
Exp#49,0,0,35,0,0,0,15,5,0,15,0,-1.5,60
Exp#50,10,0,10,0,0,0,20,10,0,15,5,-1.5,60
Exp#51,0,10,15,15,0,0,0,0,20,5,5,-1.4,120
Exp#52,0,10,5,0,15,0,5,5,5,15,10,-1.3,150
Exp#53,0,0,15,0,10,5,10,5,15,10,0,-1.4,120
Exp#54,10,0,10,0,5,0,5,5,10,10,15,-1.1,90
Exp#55,25,5,5,0,0,10,0,0,0,20,5,-1.4,120
Exp#56,0,0,0,10,10,0,0,20,5,5,20,-1.1,90
Exp#57,5,10,0,10,5,5,5,0,30,0,0,-1.4,90
Exp#58,0,0,5,5,10,0,25,0,20,0,5,-1.5,120
Exp#59,0,5,10,20,5,0,0,0,0,30,0,-1.3,150
Exp#60,20,5,0,0,15,5,0,20,0,0,5,-1.2,120
Exp#61,10,0,5,25,0,0,0,5,0,20,5,-1.1,120
Exp#62,0,0,0,10,0,0,10,0,5,45,0,-1.2,60
Exp#63,10,0,10,10,0,0,20,0,10,10,0,-1.1,150
Exp#64,0,5,15,5,0,5,0,15,10,10,5,-1.4,120
Exp#65,30,0,10,5,0,5,0,5,0,15,0,-1.1,150
Exp#66,5,0,0,5,0,5,5,5,20,0,25,-1.5,120
Exp#67,0,0,10,10,20,10,0,0,5,15,0,-1.3,120
Exp#68,0,20,0,0,5,20,0,10,5,10,0,-1.2,60
Exp#69,10,0,0,0,15,10,0,20,5,10,0,-1.4,90
Exp#70,5,5,10,10,0,5,0,5,0,15,15,-1.1,60
Exp#71,5,0,0,0,5,5,10,5,0,20,20,-1.4,90
Exp#72,0,5,15,0,0,10,5,0,0,20,15,-1.2,60
Exp#73,25,0,0,5,0,0,5,5,5,10,15,-1.4,60
Exp#74,15,5,5,5,0,0,15,0,15,5,5,-1.3,90
Exp#75,0,15,5,5,0,0,0,10,5,5,25,-1.5,150
Exp#76,20,0,5,0,0,0,15,15,5,10,0,-1.5,150
Exp#77,0,5,0,5,15,10,10,5,5,10,5,-1.5,60
Exp#78,0,5,0,0,0,25,5,10,0,10,15,-1.1,90
Exp#79,10,0,5,5,0,5,5,35,0,5,0,-1.1,150
Exp#80,0,0,25,10,0,0,0,5,10,10,10,-1.1,150
Exp#81,15,0,10,0,20,0,0,15,5,5,0,-1.2,120
Exp#82,0,15,0,5,10,10,0,15,10,5,0,-1.2,120
Exp#83,15,10,5,0,0,0,5,5,25,0,5,-1.1,150
Exp#84,0,5,0,0,0,10,10,10,20,0,15,-1.1,150
Exp#85,0,5,5,0,10,0,15,10,15,5,5,-1.5,60
Exp#86,10,5,25,0,5,0,0,10,0,15,0,-1.5,60
Exp#87,0,5,15,0,25,0,0,15,5,5,0,-1.3,90
Exp#88,10,15,5,0,0,0,0,0,20,15,5,-1.2,90
Exp#89,5,0,5,5,0,0,15,10,0,10,20,-1.1,60
Exp#90,0,20,0,5,0,10,0,10,10,5,10,-1.5,90
Exp#91,0,5,5,5,15,10,0,5,20,5,0,-1.4,120
Exp#92,10,5,15,5,0,0,15,10,5,5,0,-1.3,120
Exp#93,5,5,5,5,0,15,5,15,0,15,0,-1.2,90
Exp#94,10,5,0,5,5,5,0,35,0,5,0,-1.4,90
Exp#95,0,0,5,0,10,5,5,25,10,0,10,-1.2,90
Exp#96,0,0,10,0,10,0,0,15,20,15,0,-1.3,60
Exp#97,5,0,0,15,0,5,5,0,10,10,20,-1.1,150
Exp#98,0,20,0,10,5,0,15,10,5,5,0,-1.4,120
Exp#99,5,5,5,5,5,5,0,5,5,25,5,-1.3,150
Exp#100,5,0,0,0,0,20,10,10,25,0,0,-1.1,90
Exp#101,15,0,0,5,5,15,0,5,25,0,0,-1.5,150
Exp#102,0,15,0,5,15,10,0,0,5,15,5,-1.1,90
Exp#103,5,0,0,30,10,5,0,5,15,0,0,-1.3,120
Exp#104,5,5,15,5,0,5,10,10,10,5,0,-1.1,150
Exp#105,0,0,0,5,30,10,0,0,25,0,0,-1.2,90
Exp#106,0,0,0,25,0,0,10,10,20,5,0,-1.3,150
Exp#107,0,0,35,0,0,5,5,20,0,0,5,-1.3,150
Exp#108,5,0,0,0,5,5,20,10,0,25,0,-1.3,150
Exp#109,10,10,0,5,0,15,5,0,25,0,0,-1.4,60
Exp#110,5,0,5,30,0,0,0,0,20,0,10,-1.4,60
Exp#111,5,15,10,0,0,5,0,5,15,10,5,-1.2,150
Exp#112,0,0,20,0,0,10,5,30,0,0,5,-1.1,120
Exp#113,5,15,0,10,15,0,0,5,20,0,0,-1.3,60
Exp#114,5,0,10,10,0,0,0,30,5,5,5,-1.3,60
Exp#115,0,0,5,25,5,0,15,15,5,0,0,-1.1,90
Exp#116,0,0,20,10,5,0,0,15,5,0,15,-1.4,90
Exp#117,5,5,0,5,5,25,5,5,5,10,0,-1.3,90
Exp#118,5,5,0,5,5,0,5,10,20,5,10,-1.2,90
Exp#119,0,5,5,15,0,20,0,15,0,10,0,-1.4,90
Exp#120,5,10,0,10,0,0,0,0,30,15,0,-1.4,120
Exp#121,20,5,10,5,0,5,5,0,20,0,0,-1.4,150
Exp#122,5,0,30,0,0,0,5,5,20,0,5,-1.3,90
Exp#123,10,10,10,5,10,0,0,15,5,5,0,-1.2,90
Exp#124,0,5,0,5,35,0,0,10,10,5,0,-1.2,150
Exp#125,5,0,0,0,10,5,15,10,25,0,0,-1.1,120
Exp#126,5,0,0,0,5,30,10,0,20,0,0,-1.3,120
Exp#127,0,5,0,15,5,15,0,5,0,15,10,-1.5,90
Exp#128,0,20,0,5,15,5,5,10,0,10,0,-1.2,150
Exp#129,10,10,5,0,0,10,5,5,10,5,10,-1.5,60
Exp#130,5,0,5,5,0,15,0,0,10,25,5,-1.2,90
Exp#131,5,15,0,15,0,0,5,5,0,15,10,-1.5,60
Exp#132,0,0,5,5,15,0,0,15,5,20,5,-1.1,60
Exp#133,15,0,0,10,0,20,0,0,0,25,0,-1.1,150
Exp#134,0,5,15,10,5,10,0,0,10,15,0,-1.5,120
Exp#135,0,10,30,0,0,0,0,20,0,0,10,-1.1,60
Exp#136,0,5,10,0,20,5,5,10,15,0,0,-1.2,90
Exp#137,10,5,0,25,0,5,5,20,0,0,0,-1.3,120
Exp#138,0,0,0,10,0,0,10,15,15,15,5,-1.1,150
Exp#139,0,0,5,5,10,0,20,25,0,0,5,-1.2,60
Exp#140,0,10,15,0,0,15,5,10,0,10,5,-1.2,60
Exp#141,20,0,0,10,0,10,10,0,5,15,0,-1.4,150
Exp#142,25,5,5,5,0,0,0,0,10,10,10,-1.2,150
Exp#143,5,0,15,0,0,5,0,15,5,20,5,-1.2,90
Exp#144,30,5,0,0,5,0,5,25,0,0,0,-1.5,90
Exp#145,15,0,20,0,5,0,0,15,10,0,5,-1.5,60
Exp#146,5,5,0,5,10,0,0,0,25,20,0,-1.5,120
Exp#147,5,5,10,5,15,0,0,10,15,5,0,-1.5,90
Exp#148,5,5,5,0,0,5,0,30,15,5,0,-1.3,60
Exp#149,15,15,0,0,0,5,5,10,10,0,10,-1.4,60
Exp#150,5,5,0,10,5,10,0,15,5,10,5,-1.3,150
Exp#151,5,0,0,0,5,0,15,15,15,0,15,-1.2,90
Exp#152,0,15,0,0,10,0,0,0,35,10,0,-1.2,90
Exp#153,0,5,0,0,10,20,5,10,10,5,5,-1.2,60
Exp#154,5,5,5,0,5,15,0,10,0,20,5,-1.5,120
Exp#155,5,5,0,5,30,0,0,0,20,5,0,-1.5,150
Exp#156,5,0,5,20,0,0,5,20,0,0,15,-1.4,120
Exp#157,0,15,0,5,0,5,15,5,15,5,5,-1.2,150
Exp#158,25,5,0,0,0,15,0,0,10,15,0,-1.2,150
Exp#159,0,0,15,10,0,0,15,0,5,15,10,-1.3,90
Exp#160,5,5,0,10,5,5,5,0,5,15,15,-1.3,60
Exp#161,0,20,5,0,5,5,0,25,0,0,10,-1.2,150
Exp#162,0,5,0,35,0,10,0,0,15,5,0,-1.4,150
Exp#163,0,5,10,0,0,0,25,5,20,5,0,-1.4,120
Exp#164,10,0,5,0,0,0,10,25,5,0,15,-1.1,150
Exp#165,15,10,15,0,10,0,0,0,0,20,0,-1.3,90
Exp#166,0,5,25,0,0,0,0,0,5,25,10,-1.1,90
Exp#167,5,0,10,5,0,0,0,5,0,45,0,-1.5,120
Exp#168,0,5,0,25,5,0,0,10,0,15,10,-1.1,150
Exp#169,0,0,0,0,0,30,15,0,5,20,0,-1.3,150
Exp#170,10,0,5,5,5,0,10,0,0,20,15,-1.3,120
Exp#171,0,5,5,10,5,10,0,10,0,15,10,-1.2,120
Exp#172,5,10,0,5,5,25,0,0,20,0,0,-1.2,150
Exp#173,0,10,10,0,0,5,10,10,0,15,10,-1.1,150
Exp#174,0,0,20,5,5,0,0,25,0,0,15,-1.2,150
Exp#175,5,5,0,20,0,5,0,10,25,0,0,-1.3,120
Exp#176,10,0,0,25,0,0,0,15,0,15,5,-1.4,90
Exp#177,25,5,0,0,0,0,5,25,0,0,10,-1.1,90
Exp#178,10,5,0,15,5,0,10,15,5,5,0,-1.5,60
Exp#179,10,0,15,10,5,10,0,0,5,15,0,-1.1,60
Exp#180,0,15,0,5,0,10,0,15,0,20,5,-1.1,150
Exp#181,0,0,5,10,25,5,5,5,10,5,0,-1.2,150
Exp#182,10,0,0,5,35,0,0,0,15,5,0,-1.5,90
Exp#183,20,0,10,5,0,5,0,20,0,0,10,-1.2,60
Exp#184,0,5,5,5,15,10,0,15,5,5,5,-1.4,90
Exp#185,0,0,0,0,20,10,0,0,20,15,5,-1.4,60
Exp#186,0,5,0,10,10,0,10,15,5,5,10,-1.1,60
Exp#187,0,30,5,0,10,0,0,0,10,10,5,-1.2,90
Exp#188,5,0,10,0,10,15,5,0,5,20,0,-1.3,90
Exp#189,20,0,10,0,5,0,10,15,10,0,0,-1.2,60
Exp#190,0,0,10,5,10,10,5,10,5,5,10,-1.2,150
Exp#191,20,0,0,0,20,5,0,0,25,0,0,-1.5,90
Exp#192,0,10,0,0,0,5,10,0,0,20,25,-1.3,60
Exp#193,20,5,0,0,0,10,0,20,0,5,10,-1.4,120
Exp#194,0,15,0,5,10,0,5,0,15,15,5,-1.2,120
Exp#195,0,15,0,0,0,0,10,10,30,5,0,-1.2,150
Exp#196,0,10,15,0,20,5,0,15,0,5,0,-1.4,150
Exp#197,5,10,5,10,0,10,0,5,5,10,10,-1.1,150
Exp#198,5,0,0,15,0,10,10,15,10,0,5,-1.1,60
Exp#199,5,5,0,15,0,0,5,10,5,20,5,-1.1,60
Exp#200,15,0,5,0,0,10,0,25,5,10,0,-1.3,120
Exp#201,5,20,0,0,5,0,20,15,0,5,0,-1.4,90
Exp#202,5,0,0,5,5,10,0,5,25,15,0,-1.2,150
Exp#203,0,0,0,10,0,20,15,10,10,0,5,-1.2,90
Exp#204,5,5,5,0,15,0,0,0,35,5,0,-1.2,120
Exp#205,0,5,0,15,0,0,5,0,0,45,0,-1.3,90
Exp#206,10,0,0,10,0,0,15,25,5,5,0,-1.4,60
Exp#207,10,5,15,5,5,5,5,5,0,15,0,-1.4,150
Exp#208,15,0,5,10,10,10,0,5,10,5,0,-1.5,60
Exp#209,0,10,0,20,0,0,10,20,0,0,10,-1.5,120
Exp#210,0,10,0,10,5,0,20,10,5,10,0,-1.1,60
Exp#211,0,30,0,10,0,0,0,0,20,5,5,-1.2,90
Exp#212,0,25,0,0,10,0,0,0,10,25,0,-1.5,150
Exp#213,0,5,0,0,25,5,10,15,10,0,0,-1.3,60
Exp#214,0,0,0,0,0,10,15,30,0,0,15,-1.1,150
Exp#215,5,0,10,0,0,10,0,5,15,0,25,-1.3,60
Exp#216,5,0,10,5,0,5,15,15,10,0,5,-1.5,60
Exp#217,10,15,0,5,0,5,0,20,5,0,10,-1.3,60
Exp#218,0,5,0,5,0,5,15,10,20,0,10,-1.2,90
Exp#219,5,0,10,5,10,0,0,0,20,10,10,-1.1,150
Exp#220,10,5,0,0,0,5,5,5,10,30,0,-1.5,150
Exp#221,0,5,5,0,10,0,0,5,30,5,10,-1.5,150
Exp#222,10,10,5,15,0,5,0,20,0,0,5,-1.2,90
Exp#223,15,0,0,5,20,0,5,20,5,0,0,-1.3,60
Exp#224,5,10,5,0,10,0,0,15,0,15,10,-1.1,60
Exp#225,10,10,0,0,10,0,10,10,15,5,0,-1.3,90
Exp#226,0,0,0,5,0,10,15,15,5,0,20,-1.4,120
Exp#227,0,5,0,5,15,5,5,20,0,15,0,-1.2,60
Exp#228,0,0,5,0,20,0,0,25,10,10,0,-1.3,90
Exp#229,10,10,0,0,5,0,10,5,5,20,5,-1.5,90
Exp#230,15,0,10,0,20,0,0,20,5,0,0,-1.1,90
Exp#231,0,0,15,15,0,0,0,0,10,15,15,-1.4,120
Exp#232,25,5,5,0,0,0,0,25,10,0,0,-1.3,120
Exp#233,5,15,0,0,10,0,15,0,10,10,5,-1.3,60
Exp#234,0,15,5,0,0,0,10,5,30,5,0,-1.4,150
Exp#235,0,5,0,0,5,10,5,5,40,0,0,-1.5,90
Exp#236,0,0,0,15,5,0,15,10,5,15,5,-1.4,90
Exp#237,0,0,0,10,0,10,25,5,5,10,5,-1.1,150
Exp#238,0,15,0,15,5,0,5,5,5,10,10,-1.5,150
Exp#239,5,5,20,10,0,5,5,15,5,0,0,-1.1,90
Exp#240,5,10,5,10,0,0,5,25,0,0,10,-1.4,150
Exp#241,0,15,0,5,0,0,15,5,5,10,15,-1.3,90
Exp#242,0,10,5,5,0,0,15,25,5,5,0,-1.4,150
Exp#243,10,0,0,0,5,5,0,10,5,10,25,-1.4,120
Exp#244,10,5,0,5,0,0,5,5,0,30,10,-1.5,150
Exp#245,20,0,5,0,15,10,0,20,0,0,0,-1.1,120
Exp#246,5,0,5,0,0,10,5,0,25,5,15,-1.4,60
Exp#247,5,0,5,0,10,0,0,10,15,0,25,-1.1,60
Exp#248,0,5,0,0,0,30,0,0,20,10,5,-1.3,90
Exp#249,0,0,5,0,10,0,5,25,15,5,5,-1.5,60
Exp#250,0,35,0,0,0,0,0,10,15,0,10,-1.3,150
Exp#251,5,5,0,20,5,5,5,15,0,5,5,-1.4,90
Exp#252,5,0,0,0,0,10,35,10,5,5,0,-1.2,90
Exp#253,10,5,0,5,0,20,10,5,10,5,0,-1.2,120
Exp#254,5,0,0,10,0,15,0,0,0,25,15,-1.1,90
Exp#255,0,5,10,0,25,0,0,0,10,10,10,-1.2,60
Exp#256,0,10,0,0,5,5,15,15,5,0,15,-1.5,60
Exp#257,5,0,5,10,10,0,5,10,10,0,15,-1.3,150
Exp#258,0,20,0,0,0,0,0,0,15,30,5,-1.4,60
Exp#259,20,5,5,10,5,0,0,5,20,0,0,-1.3,120
Exp#260,5,25,15,5,0,0,0,15,0,5,0,-1.2,150
Exp#261,0,0,0,10,5,5,5,5,0,15,25,-1.3,60
Exp#262,5,5,10,0,10,0,0,20,10,5,5,-1.2,60
Exp#263,0,5,10,20,0,5,5,0,15,5,5,-1.2,90
Exp#264,0,10,15,0,15,0,5,5,10,5,5,-1.4,120
Exp#265,0,0,0,0,0,15,5,5,5,10,30,-1.1,120
Exp#266,0,5,0,0,5,10,0,10,15,25,0,-1.2,90
Exp#267,5,5,5,20,0,0,0,15,10,5,5,-1.5,60
Exp#268,0,0,0,0,5,15,10,5,10,10,15,-1.4,120
Exp#269,10,15,0,10,0,0,10,5,0,20,0,-1.3,120
Exp#270,0,10,0,5,10,5,15,0,25,0,0,-1.3,120
Exp#271,10,0,0,10,5,15,0,0,15,10,5,-1.5,60
Exp#272,0,20,20,0,0,10,0,0,5,15,0,-1.5,60
Exp#273,5,0,10,5,10,0,5,10,10,0,15,-1.5,120
Exp#274,5,5,5,0,5,0,15,15,0,5,15,-1.1,150
Exp#275,0,5,0,0,15,10,10,20,0,0,10,-1.3,90
Exp#276,25,0,0,0,10,0,0,15,10,10,0,-1.3,60
Exp#277,15,0,0,0,0,5,0,5,20,0,25,-1.3,150
Exp#278,10,0,0,15,5,10,5,10,10,5,0,-1.5,120
Exp#279,5,0,0,5,25,0,10,5,5,10,5,-1.2,120
Exp#280,0,0,5,0,10,0,5,25,5,10,10,-1.4,60
Exp#281,5,0,5,10,0,25,0,0,15,5,5,-1.4,120
Exp#282,0,10,5,5,10,10,0,30,0,0,0,-1.1,120
Exp#283,0,5,20,0,0,15,10,15,0,5,0,-1.4,90
Exp#284,5,0,5,0,10,5,10,5,15,0,15,-1.3,90
Exp#285,5,0,0,0,15,0,10,0,5,15,20,-1.1,60
Exp#286,0,10,5,5,0,15,0,5,15,0,15,-1.4,150
Exp#287,0,5,20,10,10,0,0,5,5,10,5,-1.2,60
Exp#288,5,0,10,0,0,0,10,15,25,0,5,-1.3,90
Exp#289,0,5,0,25,5,0,0,0,10,15,10,-1.2,120
Exp#290,5,5,0,5,10,0,0,0,20,5,20,-1.3,150
Exp#291,10,5,0,10,0,0,0,25,10,5,5,-1.2,60
Exp#292,0,0,0,10,5,5,10,10,10,20,0,-1.1,150
Exp#293,15,5,0,0,0,0,5,10,5,30,0,-1.2,120
Exp#294,10,0,10,15,0,0,10,0,0,25,0,-1.3,120
Exp#295,10,0,0,5,5,0,5,15,15,5,10,-1.1,120
Exp#296,10,0,5,5,5,0,10,10,0,15,10,-1.2,60
Exp#297,0,0,0,5,20,0,5,0,40,0,0,-1.2,120
Exp#298,5,0,10,5,0,0,0,0,25,0,25,-1.1,60
Exp#299,5,0,5,0,5,10,5,15,5,0,20,-1.5,90
Exp#300,0,5,0,10,10,0,20,5,10,10,0,-1.5,90
Exp#301,5,25,0,0,0,0,0,15,5,15,5,-1.2,150
Exp#302,0,0,5,5,15,0,15,0,15,10,5,-1.2,150
Exp#303,0,5,0,0,5,15,20,20,0,0,5,-1.1,90
Exp#304,0,5,0,20,5,20,0,0,15,5,0,-1.3,60
Exp#305,5,0,20,0,15,0,10,15,0,5,0,-1.2,120
Exp#306,5,10,15,5,0,5,5,5,15,0,5,-1.3,150
Exp#307,5,10,5,5,15,10,0,0,20,0,0,-1.5,90
Exp#308,0,0,5,0,0,10,25,0,5,15,10,-1.3,150
Exp#309,0,0,0,10,10,10,5,10,5,15,5,-1.2,90
Exp#310,0,0,0,15,5,15,0,0,10,15,10,-1.1,120
Exp#311,0,0,0,25,5,0,5,5,0,25,5,-1.2,60
Exp#312,0,5,15,20,5,5,0,0,10,10,0,-1.1,90
Exp#313,5,5,10,0,10,0,5,25,10,0,0,-1.4,90
Exp#314,5,25,0,0,0,5,0,25,0,10,0,-1.4,90
Exp#315,0,35,0,0,0,0,0,15,5,15,0,-1.3,60
Exp#316,5,20,0,10,5,10,0,20,0,0,0,-1.5,90
Exp#317,0,5,0,10,5,10,10,0,5,25,0,-1.5,60
Exp#318,0,15,15,0,0,0,10,0,10,10,10,-1.4,120
Exp#319,5,0,5,5,0,10,0,5,25,15,0,-1.5,60
Exp#320,0,5,15,0,20,0,5,5,10,5,5,-1.3,120
Exp#321,10,0,15,10,0,10,0,10,15,0,0,-1.3,120
Exp#322,0,10,5,5,0,5,20,10,0,15,0,-1.5,150
Exp#323,10,5,0,20,5,5,0,5,5,15,0,-1.4,150
Exp#324,0,15,20,0,10,0,5,10,5,5,0,-1.5,90
Exp#325,0,0,10,0,0,0,20,40,0,0,0,-1.4,90
Exp#326,10,5,15,5,0,0,15,10,5,5,0,-1.4,60
Exp#327,0,0,0,15,10,10,0,20,5,5,5,-1.2,60
Exp#328,0,5,5,5,5,10,0,25,0,15,0,-1.2,120
Exp#329,0,0,5,10,0,10,15,20,5,0,5,-1.5,60
Exp#330,5,15,25,0,5,0,0,0,10,10,0,-1.5,120
Exp#331,15,20,0,10,0,0,5,15,5,0,0,-1.1,150
Exp#332,0,5,0,5,0,25,5,10,0,15,5,-1.4,120
Exp#333,0,20,5,0,0,5,5,10,15,5,5,-1.1,150
Exp#334,0,0,30,10,0,0,0,5,5,15,5,-1.4,120
Exp#335,0,0,10,0,0,30,10,5,5,10,0,-1.5,150
Exp#336,10,0,0,5,0,5,0,0,0,35,15,-1.4,150
Exp#337,15,10,0,0,5,0,15,0,0,20,5,-1.5,60
Exp#338,20,15,5,0,0,0,5,5,15,0,5,-1.2,150
Exp#339,5,0,0,10,5,0,10,10,0,20,10,-1.1,150
Exp#340,5,10,5,0,5,5,5,25,0,10,0,-1.4,90
Exp#341,5,15,10,10,0,5,0,15,5,5,0,-1.3,120
Exp#342,0,10,0,0,0,5,10,20,5,0,20,-1.4,60
Exp#343,0,5,15,5,0,10,10,20,0,0,5,-1.1,150
Exp#344,5,20,0,0,0,0,10,5,15,5,10,-1.4,120
Exp#345,5,20,10,0,0,10,0,10,0,10,5,-1.3,150
Exp#346,25,0,5,10,0,5,0,0,0,25,0,-1.5,60
Exp#347,0,20,10,0,0,5,0,0,0,20,15,-1.3,60
Exp#348,10,0,0,5,5,15,0,5,25,5,0,-1.1,60
Exp#349,0,0,0,0,20,5,15,15,10,0,5,-1.5,120
Exp#350,0,0,0,5,15,0,25,10,15,0,0,-1.1,60
Exp#351,5,5,5,0,5,0,5,0,40,0,5,-1.1,150
Exp#352,5,10,0,10,0,15,0,0,0,25,5,-1.1,90
Exp#353,20,5,5,0,0,0,10,10,0,20,0,-1.1,120
Exp#354,5,5,5,0,5,10,15,10,5,5,5,-1.4,60
Exp#355,0,10,0,10,5,0,5,15,5,10,10,-1.2,90
Exp#356,10,5,0,10,20,0,0,0,5,20,0,-1.1,120
Exp#357,0,5,5,5,5,10,5,10,5,15,5,-1.1,90
Exp#358,10,5,0,0,15,5,10,0,10,10,5,-1.3,120
Exp#359,20,5,10,5,5,0,0,20,0,0,5,-1.5,150
Exp#360,0,15,10,0,0,0,0,5,30,0,10,-1.5,60
Exp#361,5,20,15,0,0,0,5,10,0,15,0,-1.2,60
Exp#362,0,0,25,0,5,5,5,10,5,10,5,-1.1,150
Exp#363,0,0,0,30,5,5,0,5,0,15,10,-1.1,150
Exp#364,10,0,0,5,0,10,15,5,5,20,0,-1.2,120
Exp#365,0,5,15,5,0,0,0,30,0,5,10,-1.5,60
Exp#366,5,15,0,20,5,0,5,20,0,0,0,-1.5,150
Exp#367,5,0,5,10,5,20,0,5,20,0,0,-1.5,60
Exp#368,25,10,0,0,0,5,5,5,5,10,5,-1.2,150
Exp#369,15,0,0,0,0,5,5,45,0,0,0,-1.5,120
Exp#370,0,5,5,0,0,0,30,20,5,5,0,-1.4,60
Exp#371,5,5,0,0,10,0,25,0,5,20,0,-1.2,90
Exp#372,0,0,0,0,10,20,10,0,0,20,10,-1.1,150
Exp#373,0,10,0,15,0,10,5,10,5,15,0,-1.1,150
Exp#374,0,5,0,0,20,0,0,5,10,20,10,-1.3,90
Exp#375,5,5,0,5,5,0,20,0,0,30,0,-1.4,60
Exp#376,0,0,15,5,0,10,5,10,5,15,5,-1.1,90
Exp#377,0,15,5,0,0,0,0,10,5,25,10,-1.5,150
Exp#378,0,0,0,0,15,0,5,20,10,5,15,-1.3,90
Exp#379,10,0,0,10,15,0,10,15,0,5,5,-1.5,60
Exp#380,0,10,0,0,5,5,0,30,0,15,5,-1.5,60
Exp#381,5,5,10,0,5,20,0,15,0,5,5,-1.3,60
Exp#382,5,5,5,0,20,0,0,0,15,10,10,-1.5,120
Exp#383,0,10,0,0,0,5,15,0,35,5,0,-1.2,120
Exp#384,0,0,0,20,0,15,5,5,15,5,5,-1.3,60
Exp#385,0,0,0,10,5,5,0,0,35,10,5,-1.2,60
Exp#386,0,0,10,0,0,25,0,5,20,0,10,-1.2,120
Exp#387,10,15,15,0,0,0,0,15,10,0,5,-1.1,150
Exp#388,10,0,5,0,0,0,5,0,20,15,15,-1.1,60
Exp#389,0,30,0,5,0,0,5,0,25,5,0,-1.5,120
Exp#390,0,0,0,0,10,0,10,5,20,15,10,-1.3,120
Exp#391,0,0,0,5,5,5,10,15,5,0,25,-1.2,150
Exp#392,5,0,15,0,10,10,0,10,15,5,0,-1.1,60
Exp#393,0,15,5,5,5,0,5,30,5,0,0,-1.5,150
Exp#394,5,10,10,0,0,0,0,30,10,0,5,-1.5,150
Exp#395,0,0,10,10,0,0,0,5,0,40,5,-1.2,150
Exp#396,0,0,0,0,20,5,5,30,0,5,5,-1.2,90
Exp#397,0,0,0,0,15,5,5,10,0,15,20,-1.3,120
Exp#398,5,0,0,0,5,15,0,10,30,0,5,-1.4,150
Exp#399,5,20,0,0,5,0,5,10,0,20,5,-1.3,60
Exp#400,0,15,10,10,5,10,0,10,5,5,0,-1.3,120
Exp#401,0,10,5,0,5,10,5,10,20,0,5,-1.5,90
Exp#402,10,0,10,5,0,0,15,0,0,20,10,-1.5,120
Exp#403,0,15,0,5,0,5,5,15,5,20,0,-1.5,90
Exp#404,5,0,5,10,0,5,5,15,10,15,0,-1.2,120
Exp#405,0,5,0,5,5,0,10,15,10,0,20,-1.3,90
Exp#406,20,0,0,0,15,0,5,20,0,10,0,-1.3,60
Exp#407,20,0,10,0,10,0,0,10,15,5,0,-1.2,60
Exp#408,5,0,0,15,15,0,10,0,20,5,0,-1.4,120
Exp#409,5,5,0,0,5,5,0,0,15,25,10,-1.3,60
Exp#410,10,0,10,15,0,0,10,0,0,20,5,-1.2,90
Exp#411,0,15,0,15,10,0,5,5,15,0,5,-1.4,120
Exp#412,0,0,0,20,5,5,0,10,0,30,0,-1.4,150
Exp#413,0,0,15,5,0,0,5,5,20,5,15,-1.2,120
Exp#414,15,5,5,0,15,0,0,5,10,5,10,-1.5,150
Exp#415,15,0,0,0,0,10,25,15,0,5,0,-1.4,90
Exp#416,15,5,5,10,5,5,0,5,5,15,0,-1.1,90
Exp#417,0,5,0,5,0,10,0,10,15,5,20,-1.1,60
Exp#418,0,10,0,5,15,10,5,5,15,5,0,-1.1,90
Exp#419,5,5,0,5,10,0,10,15,0,5,15,-1.1,60
Exp#420,0,10,0,0,10,5,5,25,0,5,10,-1.4,120
Exp#421,5,0,5,0,5,15,5,5,20,0,10,-1.1,60
Exp#422,0,10,0,5,5,20,5,0,15,5,5,-1.1,60
Exp#423,15,15,0,0,0,0,0,0,35,0,5,-1.2,150
Exp#424,0,0,10,15,0,0,0,0,25,15,5,-1.2,60
Exp#425,15,15,5,0,5,0,0,10,5,5,10,-1.2,90
Exp#426,0,0,5,20,0,5,0,0,15,15,10,-1.2,120
Exp#427,0,5,0,20,0,10,10,0,10,15,0,-1.2,120
Exp#428,25,5,5,0,0,5,0,5,20,0,5,-1.5,60
Exp#429,0,5,10,5,5,0,0,5,10,20,10,-1.3,60
Exp#430,0,5,0,5,0,10,20,20,0,0,10,-1.3,120
Exp#431,5,5,5,0,5,5,20,5,10,5,5,-1.4,150
Exp#432,0,0,5,15,10,0,0,25,0,15,0,-1.2,150
Exp#433,5,0,10,10,5,0,0,20,20,0,0,-1.1,120
Exp#434,5,5,0,15,5,5,15,10,10,0,0,-1.4,90
Exp#435,0,0,5,0,0,5,15,15,5,10,15,-1.2,90
Exp#436,10,0,5,0,0,15,10,0,5,20,5,-1.1,150
Exp#437,5,5,0,20,5,0,5,15,0,5,10,-1.4,60
Exp#438,5,0,5,10,10,0,0,5,20,0,15,-1.1,150
Exp#439,5,30,0,0,0,0,5,10,10,10,0,-1.5,90
Exp#440,20,5,5,0,0,10,0,20,0,0,10,-1.5,150
Exp#441,0,0,5,5,5,25,5,0,20,0,5,-1.2,120
Exp#442,0,5,15,5,5,0,10,20,0,5,5,-1.3,90
Exp#443,10,0,0,10,0,5,15,20,5,0,5,-1.5,150
Exp#444,0,10,0,0,15,15,10,10,10,0,0,-1.2,150
Exp#445,20,0,10,15,5,0,0,5,5,10,0,-1.1,120
Exp#446,5,0,20,0,0,0,5,5,30,5,0,-1.3,60
Exp#447,0,10,0,0,0,0,15,30,5,10,0,-1.4,150
Exp#448,0,20,10,5,5,0,0,5,10,5,10,-1.1,120
Exp#449,5,10,0,0,15,0,0,15,15,10,0,-1.1,150
Exp#450,0,5,5,0,10,15,5,15,5,0,10,-1.5,90
Exp#451,0,0,5,0,0,0,25,5,20,15,0,-1.1,90
Exp#452,15,15,0,5,5,0,5,5,15,5,0,-1.2,120
Exp#453,5,10,10,5,0,0,0,20,5,15,0,-1.3,60
Exp#454,0,0,10,10,10,0,0,20,0,10,10,-1.3,90
Exp#455,5,10,0,5,0,20,5,20,0,5,0,-1.1,90
Exp#456,5,5,0,15,15,0,0,0,30,0,0,-1.5,90
Exp#457,5,10,0,5,5,0,0,0,35,5,5,-1.2,120
Exp#458,5,5,10,15,0,0,0,15,5,10,5,-1.4,60
Exp#459,0,10,10,0,5,15,0,5,5,20,0,-1.3,150
Exp#460,0,20,5,10,5,0,5,0,0,25,0,-1.2,120
Exp#461,10,35,0,5,0,0,0,5,10,5,0,-1.5,90
Exp#462,0,0,0,5,10,15,5,5,15,10,5,-1.5,60
Exp#463,10,5,5,0,5,5,10,0,5,25,0,-1.5,60
Exp#464,10,15,0,5,0,5,0,0,5,20,10,-1.5,150
Exp#465,0,5,0,0,15,15,0,0,0,25,10,-1.5,120
Exp#466,5,5,0,5,20,0,5,10,0,15,5,-1.4,60
Exp#467,0,0,0,20,0,0,15,20,0,0,15,-1.5,60
Exp#468,5,10,15,5,0,5,0,5,15,10,0,-1.4,90
Exp#469,0,20,0,0,15,10,5,0,20,0,0,-1.3,150
Exp#470,25,0,5,0,5,0,5,10,10,5,5,-1.2,60
Exp#471,15,0,0,5,5,5,10,5,15,5,5,-1.4,60
Exp#472,10,5,0,5,0,0,5,15,30,0,0,-1.4,90
Exp#473,5,15,0,0,5,10,5,0,0,20,10,-1.3,150
Exp#474,0,0,5,0,20,5,15,15,5,0,5,-1.3,90
Exp#475,5,0,5,0,5,10,20,10,5,10,0,-1.5,150
Exp#476,10,10,5,0,0,0,0,15,10,15,5,-1.3,120
Exp#477,5,5,0,5,5,5,0,25,15,0,5,-1.2,120
Exp#478,5,5,25,5,0,0,0,5,10,15,0,-1.4,60
Exp#479,0,5,5,5,5,5,15,5,5,10,10,-1.5,120
Exp#480,5,0,5,0,0,0,20,15,0,20,5,-1.2,90
Exp#481,5,15,0,10,0,0,5,5,20,0,10,-1.1,60
Exp#482,0,5,0,10,20,0,0,25,0,0,10,-1.4,120
Exp#483,5,0,5,0,5,5,10,10,25,5,0,-1.5,90
Exp#484,20,15,0,0,0,0,5,5,15,5,5,-1.1,90
Exp#485,10,5,0,10,0,0,15,0,25,0,5,-1.3,90
Exp#486,0,5,10,0,20,0,10,5,0,15,5,-1.4,90
Exp#487,25,0,15,0,5,0,0,5,15,0,5,-1.1,120
Exp#488,0,20,0,5,5,0,10,5,10,15,0,-1.5,90
Exp#489,0,0,0,20,10,5,5,0,10,20,0,-1.3,60
Exp#490,0,10,5,15,5,0,0,25,5,0,5,-1.3,120
Exp#491,10,15,5,0,5,0,0,20,0,5,10,-1.2,90
Exp#492,25,0,0,10,0,0,10,15,5,5,0,-1.5,150
Exp#493,0,5,0,10,0,5,10,5,20,10,5,-1.4,120
Exp#494,0,5,0,20,5,0,0,30,5,5,0,-1.4,60
Exp#495,20,0,10,10,5,0,0,15,10,0,0,-1.2,90
Exp#496,0,0,5,0,5,10,0,10,15,15,10,-1.1,150
Exp#497,0,0,5,5,25,0,5,10,0,10,10,-1.1,60
Exp#498,0,10,0,0,5,30,0,5,10,10,0,-1.5,120
Exp#499,0,10,10,20,5,0,0,15,5,5,0,-1.2,150
Exp#500,0,5,0,25,10,0,10,0,10,10,0,-1.4,60
Exp#501,8,0,8,0,8,8,0,0,0,7,31,-1.5,90
Exp#502,8,0,0,0,8,0,0,15,0,15,24,-1.4,90
Exp#503,8,0,8,8,0,0,8,15,15,0,8,-1.5,180
Exp#504,8,0,8,0,0,0,8,0,0,15,31,-1.4,60
Exp#505,0,0,8,8,8,0,0,15,0,0,31,-1.5,150
Exp#506,0,0,8,8,0,8,8,0,15,0,23,-1.5,60
Exp#507,8,0,0,0,8,8,0,7,7,7,25,-1.1,150
Exp#508,8,0,0,0,0,8,0,15,0,0,39,-1.5,60
Exp#509,8,0,0,0,0,8,8,0,15,0,31,-1.4,180
Exp#510,8,0,8,0,0,8,0,0,15,15,16,-1.1,180
Exp#511,8,0,0,0,0,0,0,0,15,0,47,-1.2,90
Exp#512,0,0,0,0,0,8,8,0,0,15,39,-1.1,90
Exp#513,0,0,8,0,8,8,8,7,7,7,17,-1.5,180
Exp#514,0,8,0,0,8,8,8,0,0,7,31,-1.4,150
Exp#515,0,0,0,0,8,8,0,0,15,15,24,-1.4,60
Exp#516,8,0,0,8,8,8,0,15,15,0,8,-1.5,180
Exp#517,0,0,8,0,0,0,0,15,15,15,17,-1.5,90
Exp#518,0,0,8,0,8,0,0,0,0,15,39,-1.2,150
Exp#519,8,0,8,0,0,0,0,15,0,0,39,-1.2,180
Exp#520,8,0,8,8,0,8,0,15,15,0,8,-1.1,90
Exp#521,0,8,0,0,0,0,0,0,0,15,47,-1.5,180
Exp#522,0,0,0,8,0,8,8,15,0,0,31,-1.1,180
Exp#523,8,0,0,0,0,0,8,15,15,15,9,-1.1,60
Exp#524,8,0,0,0,8,0,8,0,15,15,16,-1.5,150
Exp#525,0,0,0,8,8,8,0,15,0,0,31,-1.2,90
Exp#526,8,0,0,8,8,8,8,0,15,0,15,-1.1,60
Exp#527,0,0,8,0,0,0,8,0,15,0,39,-1.1,150
Exp#528,0,0,0,8,0,8,0,0,15,0,39,-1.5,150
Exp#529,8,0,0,8,8,0,0,7,7,0,32,-1.4,180
Exp#530,8,0,0,8,0,0,0,15,0,0,39,-1.1,150
Exp#531,0,0,0,8,8,0,8,15,0,0,31,-1.5,60
Exp#532,8,0,8,0,8,8,8,0,15,15,0,-1.2,90
Exp#533,8,0,8,0,0,8,8,15,0,15,8,-1.5,150
Exp#534,0,0,0,0,0,8,0,15,15,15,17,-1.2,150
Exp#535,0,0,0,0,0,0,8,15,0,0,47,-1.4,150
Exp#536,8,0,0,8,8,0,8,15,15,0,8,-1.2,150
Exp#537,0,0,0,0,8,0,8,7,7,7,33,-1.2,60
Exp#538,0,0,0,0,8,8,8,15,15,0,16,-1.5,90
Exp#539,0,0,0,8,8,0,0,0,15,0,39,-1.1,90
Exp#540,0,0,8,0,8,0,8,15,15,15,1,-1.4,180
Exp#541,8,0,8,0,8,8,0,15,15,0,8,-1.4,150
Exp#542,8,0,8,0,8,0,0,0,15,0,31,-1.5,60
Exp#543,0,0,8,0,0,8,0,7,7,7,33,-1.4,90
Exp#544,0,0,8,0,8,8,0,15,0,15,16,-1.1,60
Exp#545,8,0,0,8,0,0,8,7,7,0,32,-1.5,90
Exp#546,0,0,0,0,8,0,0,15,15,0,32,-1.1,180
Exp#547,0,0,0,8,0,0,0,15,15,0,32,-1.4,60
Exp#548,8,0,8,0,8,0,8,15,0,0,23,-1.1,90
Exp#549,0,0,8,8,8,0,8,0,15,0,23,-1.4,90
Exp#550,8,8,0,0,0,8,0,0,0,7,39,-1.2,60
Exp#551,0,0,8,8,0,8,0,15,0,0,31,-1.4,180
Exp#552,8,0,8,8,0,8,8,7,7,0,16,-1.2,150
Exp#553,0,0,8,0,0,8,8,15,15,0,16,-1.2,60
Exp#554,8,0,8,8,8,0,0,15,15,0,8,-1.2,60
Exp#555,0,0,8,8,8,8,0,0,15,0,23,-1.2,180
Exp#556,0,0,0,8,0,0,8,0,15,0,39,-1.2,180
Exp#557,0,0,8,8,0,0,8,15,0,0,31,-1.2,90
Exp#558,8,0,0,8,0,8,8,15,15,0,8,-1.4,90
Exp#559,8,8,8,0,8,0,8,0,0,7,23,-1.1,180
Exp#560,8,0,8,8,0,0,0,0,15,0,31,-1.4,150
Exp#561,0,0,8,8,0,0,0,7,7,0,40,-1.1,60
Exp#562,0,0,8,8,8,8,8,15,15,0,0,-1.1,150
Exp#563,8,0,8,8,8,8,8,15,0,0,7,-1.4,60
Exp#564,8,0,0,0,8,8,8,15,0,15,8,-1.2,180
Exp#565,4,0,4,0,4,4,4,7,7,7,29,-1.3,120
Exp#566,4,4,4,0,4,4,4,0,0,7,39,-1.3,120
Exp#567,4,0,4,4,4,4,4,7,7,0,32,-1.3,120