Experiment,Overpotential V at 2.0 mA/cm2,Overpotential V at 10.0 mA/cm2,Overpotential V at 50.0 mA/cm2
exp1,-0.3846999999999999,-0.4867,-0.5917
exp2,-0.6177,-0.7227,-0.7847000000000001
exp3,-0.3766999999999999,-0.5107,-0.6637000000000001
exp4,-0.0517,-0.2476999999999999,-0.5297
exp5,-0.4916999999999999,-0.6137,-0.7347
exp6,-0.4777000000000001,-0.5497,-0.6337
exp7,-0.3377,-0.4046999999999999,-0.5056999999999999
exp8,-0.1757000000000002,-0.2787,-0.3666999999999999
exp9,-0.1777000000000002,-0.2616999999999999,-0.3567000000000001
exp10,-0.7227,-0.7977,-0.8817
exp11,-0.3467000000000001,-0.4266999999999999,-0.5247
exp12,-0.2396999999999999,-0.3167000000000001,-0.4246999999999999
exp13,-0.5717,-0.6827,-0.7736999999999999
exp14,-0.7237000000000001,-0.7636999999999999,-0.8097
exp15,-0.4976999999999999,-0.6117,-0.7027
exp16,-0.5857,-0.6987,-0.8357
exp17,-0.6557000000000001,-0.7187,-0.7797
exp18,-0.2996999999999999,-0.4447,-0.6047000000000001
exp19,-0.3167000000000001,-0.4277000000000001,-0.5967000000000001
exp20,-0.3897,-0.6277,-0.7576999999999999
exp21,-0.5837,-0.7057000000000001,-0.7847000000000001
exp22,-0.0617,-0.1317000000000001,-0.4206999999999999
exp23,-0.3557,-0.5337,-0.6657000000000001
exp24,-0.1727,-0.2587,-0.3507000000000001
exp25,-0.7627,-0.8107000000000001,-0.8697
exp26,-0.5387000000000001,-0.6417,-0.7187
exp27,-0.0947000000000002,-0.3937,-0.5327000000000001
exp28,-0.4257000000000001,-0.6306999999999999,-0.7487
exp29,-0.5196999999999999,-0.6146999999999999,-0.6817000000000001
exp30,-0.5947000000000001,-0.6607,-0.7317000000000001
exp31,-0.6246999999999999,-0.6917000000000001,-0.7707
exp32,-0.3757,-0.5056999999999999,-0.6617000000000001
exp33,-0.7297000000000001,-0.7927000000000001,-0.8677
exp34,-0.2856999999999999,-0.4126999999999999,-0.5847000000000001
exp35,-0.3786999999999999,-0.5347000000000001,-0.6617000000000001
exp36,-0.7716999999999999,-0.8257,-0.8846999999999999
exp37,-0.6017,-0.7007,-0.7987000000000001
exp38,-0.4327,-0.4996999999999999,-0.5907000000000001
exp39,-0.2376999999999999,-0.3097,-0.4177
exp40,-0.3597,-0.4507,-0.5947000000000001
exp41,-0.2796999999999999,-0.3577,-0.4767
exp42,-0.6067000000000001,-0.6967,-0.7997
exp43,-0.2396999999999999,-0.3237,-0.4737000000000001
exp44,-0.0897000000000001,-0.3467000000000001,-0.4587
exp45,-0.0417,-0.2776999999999999,-0.3766999999999999
exp46,-0.6037,-0.7217000000000001,-0.8117
exp47,-0.3487000000000001,-0.5807000000000001,-0.6977000000000001
exp48,-0.6947,-0.7627,-0.8267000000000001
exp49,-0.5617,-0.6317,-0.7167
exp50,-0.5357,-0.5957,-0.6817000000000001
exp51,-0.7867000000000001,-0.8297,-0.8826999999999999
exp52,-0.2687,-0.3427000000000001,-0.4437000000000001
exp53,-0.4037,-0.5837,-0.6797000000000001
exp54,-0.5437,-0.6346999999999999,-0.7127
exp55,-0.5337,-0.6107000000000001,-0.6987
exp56,-0.4166999999999999,-0.5497,-0.6797000000000001
exp57,-0.7396999999999999,-0.8087000000000001,-0.8786999999999999
exp58,-0.5887000000000001,-0.6847,-0.7676999999999999
exp59,-0.0287000000000001,-0.0687000000000002,-0.2776999999999999
exp60,-0.3487000000000001,-0.4837000000000001,-0.6226999999999999
exp61,-0.6577000000000001,-0.7227,-0.7957
exp62,-0.6226999999999999,-0.7057000000000001,-0.7847000000000001
exp63,-0.5997,-0.6777000000000001,-0.7757
exp64,-0.2907,-0.4717000000000001,-0.6417
exp65,-0.3897,-0.5827000000000001,-0.7057000000000001
exp66,-0.4767,-0.7307,-0.8447000000000001
exp67,-0.0297,-0.3457,-0.4186999999999999
exp68,-0.6077,-0.6977000000000001,-0.7757
exp69,-0.2436999999999999,-0.3157,-0.4266999999999999
exp70,-0.6226999999999999,-0.7157000000000001,-0.8057
exp71,-0.3056999999999999,-0.3886999999999999,-0.5477
exp72,-0.2976999999999999,-0.3646999999999999,-0.4407
exp73,-0.6687,-0.7536999999999999,-0.8497
exp74,-0.7297000000000001,-0.8557,-1.0046999999999997
exp75,-0.7227,-0.7747,-0.8327000000000001
exp76,-0.6446999999999999,-0.7147,-0.8057
exp77,-0.2576999999999999,-0.3337,-0.4487
exp78,-0.3387000000000001,-0.4417000000000001,-0.6037
exp79,-0.3197,-0.4357000000000001,-0.6386999999999999
exp80,-0.7636999999999999,-0.8217,-0.8817
exp81,-0.4037,-0.5857,-0.6847
exp82,-0.2647,-0.3567000000000001,-0.4737000000000001
exp83,-0.6366999999999999,-0.7487,-0.8726999999999999
exp84,-0.3717,-0.5377,-0.6837000000000001
exp85,-0.4447,-0.5367000000000001,-0.6237
exp86,-0.6146999999999999,-0.6667,-0.7277000000000001
exp87,-0.2627,-0.3317,-0.4257000000000001
exp88,-0.7536999999999999,-0.8237,-0.9337
exp89,-0.6077,-0.6737000000000001,-0.7507
exp90,-0.4186999999999999,-0.5897,-0.7227
exp91,-0.2867,-0.3786999999999999,-0.5517
exp95,-0.6177,-0.6757000000000001,-0.7416999999999999
exp96,-0.6747,-0.7157000000000001,-0.7687
exp97,-0.6017,-0.7987000000000001,-0.9127
exp98,-0.3547000000000001,-0.5227,-0.6657000000000001
exp99,-0.3846999999999999,-0.5437,-0.6727
exp100,-0.5997,-0.7157000000000001,-0.8846999999999999
exp101,-0.4867,-0.6697000000000001,-0.8387000000000001
exp102,-0.5667000000000001,-0.6657000000000001,-0.7297000000000001
exp103,-0.1117000000000001,-0.3237,-0.4637000000000001
exp104,-0.2696999999999999,-0.4427,-0.6497
exp105,-0.2736999999999999,-0.3537,-0.4707
exp106,-0.6117,-0.7027,-0.8097
exp107,-0.2047,-0.3177,-0.4667
exp108,-0.2547,-0.3557,-0.5287000000000001
exp109,-0.2996999999999999,-0.4387,-0.5687000000000001
exp110,-0.7607,-0.8097,-0.8717
exp111,-0.1817000000000002,-0.2727,-0.3577
exp112,-0.2507,-0.3646999999999999,-0.5176999999999999
exp113,-0.6957000000000001,-0.7387,-0.7897
exp114,-0.7157000000000001,-0.7616999999999999,-0.8207000000000001
exp115,-0.3686999999999999,-0.5227,-0.6366999999999999
exp116,-0.2197000000000001,-0.3217,-0.4587
exp117,-0.2427,-0.3397,-0.4857000000000001
exp118,-0.6617000000000001,-0.7227,-0.7817
exp119,-0.2816999999999999,-0.4026999999999999,-0.5807000000000001
exp120,-0.7187,-0.7707,-0.8337
exp121,-0.7207,-0.8037,-0.8926999999999999
exp122,-0.6226999999999999,-0.7907000000000001,-0.9127
exp123,-0.5156999999999999,-0.6197,-0.6947
exp124,-0.1237000000000001,-0.2516999999999999,-0.3507000000000001
exp125,-0.4327,-0.5867000000000001,-0.7127
exp126,-0.4927,-0.6217,-0.7277000000000001
exp127,-0.0017,-0.2427,-0.3477
exp128,-0.1647,-0.2467,-0.3447000000000001
exp129,-0.3167000000000001,-0.4537000000000001,-0.5797
exp130,-0.3757,-0.4747,-0.6657000000000001
exp131,-0.5507000000000001,-0.6417,-0.7616999999999999
exp132,-0.2187,-0.3056999999999999,-0.4467
exp133,-0.4117,-0.5036999999999999,-0.6226999999999999
exp134,-0.3886999999999999,-0.4887,-0.6466999999999999
exp135,-0.6987,-0.7487,-0.8347000000000001
exp136,-0.1047000000000002,-0.2067,-0.3157
exp137,-0.3027000000000001,-0.4186999999999999,-0.5607000000000001
exp138,-0.4717000000000001,-0.6027000000000001,-0.7267
exp139,-0.0057,-0.2647,-0.4146999999999999
exp140,-0.2736999999999999,-0.3906999999999999,-0.5527000000000001
exp141,-0.4066999999999999,-0.5067,-0.6397
exp142,-0.7197000000000001,-0.7807000000000001,-0.8657
exp143,-0.5927000000000001,-0.6777000000000001,-0.7587
exp144,-0.4916999999999999,-0.5907000000000001,-0.6767
exp145,-0.6366999999999999,-0.6747,-0.7197000000000001
exp146,-0.6297,-0.6907,-0.7476999999999999
exp147,-0.5327000000000001,-0.6346999999999999,-0.7427
exp148,-0.6357,-0.6967,-0.7616999999999999
exp149,-0.3137,-0.4936999999999999,-0.6337
exp150,-0.0707000000000002,-0.1747,-0.2787
exp151,-0.3897,-0.5547000000000001,-0.6587
exp152,-0.6357,-0.6827,-0.7317000000000001
exp153,-0.1207,-0.2197000000000001,-0.3327000000000001
exp154,-0.1467,-0.2197000000000001,-0.3297
exp155,-0.4597000000000001,-0.5627000000000001,-0.6767
exp156,-0.0407000000000001,-0.2836999999999999,-0.4157
exp157,-0.1237000000000001,-0.2427,-0.3677
exp158,-0.5067,-0.6507,-0.7456999999999999
exp159,-0.3746999999999999,-0.4657000000000001,-0.5757
exp160,-0.3387000000000001,-0.4206999999999999,-0.5267000000000001
exp161,-0.1747,-0.2527,-0.3737
exp162,-0.0647000000000002,-0.1987,-0.3197
exp163,-0.4487,-0.5647000000000001,-0.6827
exp164,-0.3597,-0.4896999999999999,-0.6077
exp165,-0.2987000000000001,-0.3677,-0.4577000000000001
exp166,-0.4427,-0.5216999999999999,-0.6177
exp167,-0.3766999999999999,-0.4907,-0.6406999999999999
exp168,-0.0817000000000001,-0.2536999999999999,-0.3407000000000001
exp169,-0.1107000000000002,-0.1807,-0.2696999999999999
exp170,-0.2107,-0.2747,-0.3457
exp171,-0.1597000000000001,-0.2396999999999999,-0.3427000000000001
exp172,-0.4677000000000001,-0.6087000000000001,-0.7847000000000001
exp173,-0.3127000000000001,-0.4417000000000001,-0.6206999999999999
exp174,-0.2727,-0.3557,-0.4827
exp175,-0.5927000000000001,-0.7287,-0.8107000000000001
exp176,-0.6446999999999999,-0.7427,-0.8677
exp177,-0.5697,-0.6577000000000001,-0.7707
exp178,-0.3527000000000001,-0.4757000000000001,-0.6126999999999999
exp179,-0.5897,-0.6927,-0.7847000000000001
exp181,0.0022999999999999,-0.3036999999999999,-0.4137
exp182,-0.2516999999999999,-0.3427000000000001,-0.4697000000000001
exp183,-0.4627,-0.5617,-0.6637000000000001
exp184,-0.2177000000000001,-0.3027000000000001,-0.4137
exp185,-0.5737,-0.6537000000000001,-0.7107
exp186,-0.4286999999999999,-0.5887000000000001,-0.6807
exp187,-0.5547000000000001,-0.6737000000000001,-0.7807000000000001
exp188,-0.2157000000000001,-0.2936999999999999,-0.3737
exp189,-0.4357000000000001,-0.5847000000000001,-0.6747
exp190,-0.1757000000000002,-0.2787,-0.3786999999999999
exp191,-0.2667,-0.3637,-0.4827
exp192,-0.4217000000000001,-0.4927,-0.5907000000000001
exp193,-0.5227,-0.5987000000000001,-0.6907
exp194,-0.5887000000000001,-0.6637000000000001,-0.7337000000000001
exp195,-0.3966999999999999,-0.5847000000000001,-0.7807000000000001
exp196,-0.1817000000000002,-0.2676999999999999,-0.3527000000000001
exp197,-0.3897,-0.5047,-0.6286999999999999
exp198,-0.3427000000000001,-0.5297,-0.6797000000000001
exp199,-0.5227,-0.6406999999999999,-0.7436999999999999
exp200,-0.5176999999999999,-0.6386999999999999,-0.7496999999999999
exp201,-0.3417,-0.4577000000000001,-0.5777
exp202,-0.5867000000000001,-0.7147,-0.8097
exp203,-0.2627,-0.3917,-0.5547000000000001
exp204,-0.0477,-0.1537000000000001,-0.3677
exp205,-0.3826999999999999,-0.4647,-0.6177
exp206,-0.5707000000000001,-0.6717000000000001,-0.7676999999999999
exp207,-0.0007000000000001,-0.2416999999999999,-0.3487000000000001
exp208,-0.3686999999999999,-0.5557,-0.6557000000000001
exp209,-0.0387000000000001,-0.2667,-0.4177
exp210,-0.2687,-0.4257000000000001,-0.5507000000000001
exp211,-0.5307000000000001,-0.6337,-0.7467
exp212,-0.1747,-0.2407,-0.3397
exp213,-0.2277000000000001,-0.3417,-0.5717
exp215,-0.5076999999999999,-0.6326999999999999,-0.7367
exp216,-0.3367000000000001,-0.4987,-0.6977000000000001
exp218,-0.4266999999999999,-0.6007000000000001,-0.7167
exp220,-0.4817000000000001,-0.5847000000000001,-0.6807
exp221,-0.6577000000000001,-0.7287,-0.7857
exp222,-0.5927000000000001,-0.7257000000000001,-0.8217
exp223,-0.3597,-0.4306999999999999,-0.5156999999999999
exp224,-0.3577,-0.4397000000000001,-0.5487000000000001
exp226,-0.1827,-0.2796999999999999,-0.3846999999999999
exp230,-0.3986999999999999,-0.5167,-0.6166999999999999
exp232,-0.7707,-0.8127000000000001,-0.8797
exp233,-0.4767,-0.5597,-0.6607
exp234,-0.7516999999999999,-0.8027000000000001,-0.8757
exp235,-0.4457000000000001,-0.5967000000000001,-0.7127
exp237,-0.4177,-0.5307000000000001,-0.6857000000000001
exp238,-0.3906999999999999,-0.5076999999999999,-0.6667
exp239,-0.4137,-0.5557,-0.6727
exp240,-0.4597000000000001,-0.5497,-0.6677000000000001
exp241,-0.5207,-0.5867000000000001,-0.6807
exp242,-0.5417,-0.6087000000000001,-0.7007
exp243,-0.3056999999999999,-0.4377000000000001,-0.6146999999999999
exp244,-0.5987000000000001,-0.6897000000000001,-0.7927000000000001
exp245,-0.3107000000000001,-0.4347,-0.5797
exp246,-0.4437000000000001,-0.6126999999999999,-0.7047
exp247,-0.6767,-0.7147,-0.7576999999999999
exp249,-0.5877,-0.6557000000000001,-0.7157000000000001
exp252,-0.3457,-0.4547,-0.5777
exp253,-0.4996999999999999,-0.6246999999999999,-0.7167
exp254,-0.4457000000000001,-0.5457,-0.6486999999999999
exp255,-0.5357,-0.6177,-0.6857000000000001
exp256,-0.2807,-0.3637,-0.5147
exp258,-0.6767,-0.7507,-0.8267000000000001
exp259,-0.7257000000000001,-0.7797,-0.8347000000000001
exp260,-0.6326999999999999,-0.7007,-0.7817
exp261,-0.3197,-0.4017,-0.5397
exp262,-0.6747,-0.7307,-0.7827000000000001
exp263,-0.6386999999999999,-0.7536999999999999,-0.8287000000000001
exp265,-0.3137,-0.3997,-0.5377
exp266,-0.5357,-0.6937000000000001,-0.8087000000000001
exp267,-0.7407,-0.8057,-0.8547000000000001
exp270,-0.5527000000000001,-0.6497,-0.7496999999999999
exp271,-0.4967,-0.6217,-0.7587
exp272,-0.6557000000000001,-0.7407,-0.8277
exp273,-0.2716999999999999,-0.3477,-0.4727
exp275,-0.2057000000000001,-0.2776999999999999,-0.3706999999999999
exp276,-0.7757,-0.6837000000000001,-0.7387
exp277,-0.6637000000000001,-0.7436999999999999,-0.8367000000000001
exp278,-0.0327000000000001,-0.3407000000000001,-0.4627
exp279,-0.3427000000000001,-0.4387,-0.5747000000000001
exp280,-0.5547000000000001,-0.6226999999999999,-0.7157000000000001
exp281,-0.3857,-0.4827,-0.6817000000000001
exp282,-0.5116999999999999,-0.6297,-0.7357000000000001
exp283,-0.2357000000000001,-0.3027000000000001,-0.4246999999999999
exp284,-0.4077,-0.6057,-0.7187
exp285,-0.0137,-0.2727,-0.3227000000000001
exp286,-0.4457000000000001,-0.5897,-0.7347
exp287,-0.2787,-0.3557,-0.4717000000000001
exp288,-0.5937,-0.6817000000000001,-0.7596999999999999
exp289,-0.1597000000000001,-0.3147000000000001,-0.4226999999999999
exp290,-0.6047000000000001,-0.6867,-0.7496999999999999
exp291,-0.7277000000000001,-0.7747,-0.8257
exp292,-0.3617,-0.5096999999999999,-0.6717000000000001
exp293,-0.6326999999999999,-0.7127,-0.7897
exp294,-0.3597,-0.4387,-0.5397
exp295,-0.6226999999999999,-0.7007,-0.7767000000000001
exp296,-0.4377000000000001,-0.5277,-0.6077
exp298,-0.7376999999999999,-0.8097,-0.8937
exp299,-0.1717000000000001,-0.2496999999999999,-0.3407000000000001
exp302,-0.4996999999999999,-0.6077,-0.7097000000000001
exp303,-0.2956999999999999,-0.3866999999999999,-0.5537
exp304,-0.4317000000000001,-0.5877,-0.7267
exp305,-0.2587,-0.3437,-0.4677000000000001
exp311,-0.4206999999999999,-0.5497,-0.6567
exp317,-0.4617000000000001,-0.5607000000000001,-0.7297000000000001
exp318,-0.6357,-0.7347,-0.8857
exp319,-0.7187,-0.7847000000000001,-0.8677
exp320,-0.2447,-0.3167000000000001,-0.4377000000000001
exp321,-0.5096999999999999,-0.7607,-0.8726999999999999
exp322,-0.3056999999999999,-0.4017,-0.5607000000000001
exp323,-0.0457,0.0032999999999998,-0.4237000000000001
exp324,-0.3317,-0.4226999999999999,-0.5527000000000001
exp325,-0.5116999999999999,-0.5757,-0.6637000000000001
exp326,-0.5357,-0.6097,-0.7307
exp327,-0.3297,-0.4246999999999999,-0.5807000000000001
exp328,-0.3036999999999999,-0.3866999999999999,-0.5487000000000001
exp329,-0.2357000000000001,-0.3237,-0.4607
exp330,-0.5667000000000001,-0.6446999999999999,-0.7297000000000001
exp331,-0.7137000000000001,-0.7827000000000001,-0.8567000000000001
exp332,-0.1547,-0.2327,-0.3317
exp333,-0.4266999999999999,-0.5827000000000001,-0.6987
exp334,-0.7347,-0.8237,-0.9207
exp335,-0.1647,-0.2407,-0.3487000000000001
exp336,-0.4947,-0.5917,-0.7287
exp337,-0.4757000000000001,-0.5527000000000001,-0.6827
exp338,-0.6097,-0.6917000000000001,-0.7797
exp339,-0.3437,-0.4517000000000001,-0.6277
exp340,-0.3007000000000001,-0.3837,-0.5297
exp341,-0.6027000000000001,-0.6767,-0.7656999999999999
exp342,-0.3797,-0.4747,-0.6107000000000001
exp343,-0.2687,-0.3497,-0.4777000000000001
exp344,-0.5697,-0.6597000000000001,-0.7507
exp345,-0.6037,-0.6787,-0.7747
exp346,-0.7396999999999999,-0.8107000000000001,-0.9167
exp347,-0.7227,-0.8107000000000001,-0.9187
exp348,-0.7137000000000001,-0.7787000000000001,-0.8507000000000001
exp349,-0.1037000000000001,-0.2547,-0.3517
exp350,-0.3567000000000001,-0.5027,-0.6777000000000001
exp351,-0.6587,-0.7327,-0.8387000000000001
exp352,-0.5637,-0.6517000000000001,-0.7596999999999999
exp353,-0.4817000000000001,-0.5677,-0.6517000000000001
exp354,-0.2796999999999999,-0.3677,-0.5397
exp355,-0.3297,-0.4397000000000001,-0.5747000000000001
exp356,-0.5367000000000001,-0.6146999999999999,-0.7127
exp357,-0.3287000000000001,-0.4166999999999999,-0.5657
exp358,-0.2357000000000001,-0.3107000000000001,-0.4257000000000001
exp359,-0.4006999999999999,-0.5036999999999999,-0.6627
exp360,-0.7777,-0.8157,-0.8726999999999999
exp361,-0.5016999999999999,-0.5667000000000001,-0.6537000000000001
exp362,-0.2736999999999999,-0.3726999999999999,-0.5397
exp363,-0.2836999999999999,-0.3626999999999999,-0.4827
exp364,-0.3487000000000001,-0.4407,-0.5497
exp365,-0.6647,-0.7327,-0.8177
exp366,-0.1377000000000001,-0.3247000000000001,-0.4327
exp367,-0.6166999999999999,-0.7267,-0.8357
exp369,-0.3137,-0.4137,-0.5807000000000001
exp370,-0.5136999999999999,-0.5757,-0.6607
exp371,-0.4126999999999999,-0.4827,-0.5727000000000001
exp372,-0.0587000000000001,-0.2357000000000001,-0.2967000000000001
exp373,-0.3367000000000001,-0.4457000000000001,-0.6237
exp374,-0.2756999999999999,-0.3577,-0.4857000000000001
exp375,-0.4097,-0.4767,-0.5847000000000001
exp376,-0.2907,-0.4137,-0.5747000000000001
exp377,-0.7007,-0.7887000000000001,-0.8906999999999999
exp378,-0.2087,-0.3137,-0.4317000000000001
exp379,-0.2947000000000001,-0.3777,-0.5267000000000001
exp380,-0.5957,-0.6697000000000001,-0.7507
exp381,-0.5216999999999999,-0.6277,-0.7167
exp382,-0.2936999999999999,-0.3746999999999999,-0.5407000000000001
exp383,-0.6237,-0.7107,-0.8417
exp384,-0.6266999999999999,-0.7407,-0.8387000000000001
exp385,-0.6797000000000001,-0.7357000000000001,-0.8057
exp386,-0.5647000000000001,-0.7067,-0.8407000000000001
exp387,-0.7797,-0.8447000000000001,-0.9297
exp388,-0.5987000000000001,-0.7097000000000001,-0.8547000000000001
exp389,-0.7647,-0.8637,-0.9607
exp390,-0.5817,-0.6607,-0.7777
exp391,-0.2317000000000001,-0.3257,-0.4577000000000001
exp392,-0.6017,-0.7077000000000001,-0.7716999999999999
exp393,-0.2707,-0.3537,-0.4777000000000001
exp394,-0.7396999999999999,-0.7887000000000001,-0.8497
exp395,-0.6737000000000001,-0.7917,-0.8786999999999999
exp401,-0.3926999999999999,-0.5357,-0.6617000000000001
exp402,-0.4717000000000001,-0.5557,-0.6637000000000001
exp403,-0.3497,-0.4627,-0.6286999999999999
exp404,-0.3477,-0.4847,-0.7267
exp405,-0.3786999999999999,-0.5287000000000001,-0.6777000000000001
exp406,-0.3537,-0.4737000000000001,-0.6197
exp407,-0.5857,-0.6727,-0.7456999999999999
exp408,-0.4197000000000001,-0.5657,-0.7367
exp409,-0.6617000000000001,-0.7167,-0.7847000000000001
exp410,-0.4987,-0.5957,-0.7427
exp411,-0.4617000000000001,-0.6217,-0.7616999999999999
exp412,-0.0357,-0.1817000000000002,-0.4587
exp413,-0.6897000000000001,-0.7527,-0.8287000000000001
exp414,-0.3127000000000001,-0.4017,-0.5527000000000001
exp415,-0.3067000000000001,-0.4237000000000001,-0.6177
exp416,-0.4086999999999999,-0.5707000000000001,-0.6777000000000001
exp418,-0.2396999999999999,-0.3217,-0.4507
exp419,-0.4077,-0.5307000000000001,-0.6366999999999999
exp420,-0.1917000000000001,-0.2687,-0.3737
exp421,-0.4297000000000001,-0.5587000000000001,-0.6697000000000001
exp422,-0.2876999999999999,-0.3846999999999999,-0.5597
exp423,-0.7207,-0.7777,-0.8626999999999999
exp424,-0.7547,-0.8037,-0.8677
exp425,-0.5727000000000001,-0.6366999999999999,-0.7127
exp426,-0.3937,-0.5767000000000001,-0.7667
exp427,-0.1887000000000001,-0.2847,-0.3846999999999999
exp428,-0.6897000000000001,-0.7547,-0.8307000000000001
exp429,-0.4367,-0.5897,-0.7187
exp430,-0.2317000000000001,-0.3187000000000001,-0.4527
exp431,-0.1957000000000001,-0.3177,-0.4657000000000001
exp432,-0.1567,-0.3016999999999999,-0.4306999999999999
exp433,-0.6707,-0.7317000000000001,-0.7927000000000001
exp434,-0.2907,-0.4137,-0.6366999999999999
exp435,-0.2816999999999999,-0.3806999999999999,-0.6246999999999999
exp436,-0.4607,-0.5507000000000001,-0.6587
exp437,0.0132999999999998,-0.4026999999999999,-0.5236999999999999
exp438,-0.6717000000000001,-0.7137000000000001,-0.7647
exp439,-0.5437,-0.6047000000000001,-0.6837000000000001
exp440,-0.6707,-0.7337000000000001,-0.8127000000000001
exp441,-0.1467,-0.2436999999999999,-0.3577
exp442,-0.3377,-0.4317000000000001,-0.5667000000000001
exp443,-0.2687,-0.3587000000000001,-0.5527000000000001
exp444,-0.2197000000000001,-0.3036999999999999,-0.4327
exp445,-0.4577000000000001,-0.6117,-0.7157000000000001
exp446,-0.6097,-0.6777000000000001,-0.7627
exp447,-0.5227,-0.6007000000000001,-0.6847
exp448,-0.5367000000000001,-0.6067000000000001,-0.6847
exp449,-0.2787,-0.3746999999999999,-0.5457
exp450,-0.1847000000000001,-0.2587,-0.3617
exp451,-0.2996999999999999,-0.5737,-0.6857000000000001
exp452,-0.4647,-0.5687000000000001,-0.6657000000000001
exp453,-0.5577,-0.6266999999999999,-0.7157000000000001
exp454,-0.3946999999999999,-0.5337,-0.6406999999999999
exp455,-0.5267000000000001,-0.6466999999999999,-0.7317000000000001
exp456,-0.6406999999999999,-0.6947,-0.7556999999999999
exp457,-0.6226999999999999,-0.6717000000000001,-0.7357000000000001
exp458,-0.6507,-0.7067,-0.7927000000000001
exp459,-0.1987,-0.2687,-0.3746999999999999
exp460,-0.6047000000000001,-0.6587,-0.7467
exp461,-0.6627,-0.7087,-0.7827000000000001
exp462,-0.2267,-0.3177,-0.4567
exp463,-0.4487,-0.5216999999999999,-0.6277
exp464,-0.6397,-0.7137000000000001,-0.8177
exp465,-0.2017000000000001,-0.2667,-0.3537
exp466,-0.2636999999999999,-0.3457,-0.4717000000000001
exp467,-0.4936999999999999,-0.5717,-0.6567
exp468,-0.5867000000000001,-0.6717000000000001,-0.7527
exp469,-0.1687,-0.2436999999999999,-0.3347000000000001
exp470,-0.5537,-0.6277,-0.7147
exp471,-0.3457,-0.4996999999999999,-0.6297
exp472,-0.5977,-0.6777000000000001,-0.7656999999999999
exp473,-0.5297,-0.6337,-0.7367
exp474,-0.2277000000000001,-0.3167000000000001,-0.4367
exp475,-0.2357000000000001,-0.3237,-0.4857000000000001
exp476,-0.6266999999999999,-0.7197000000000001,-0.8267000000000001
exp477,-0.5547000000000001,-0.6517000000000001,-0.7387
exp478,-0.7187,-0.7967000000000001,-0.9097
exp479,-0.2716999999999999,-0.3706999999999999,-0.5427000000000001
exp480,-0.5147,-0.5817,-0.6657000000000001
exp481,-0.6537000000000001,-0.7197000000000001,-0.8117
exp482,-0.2427,-0.3187000000000001,-0.4317000000000001
exp483,-0.4936999999999999,-0.6377,-0.7576999999999999
exp484,-0.4956999999999999,-0.5657,-0.6466999999999999
exp485,-0.5657,-0.6607,-0.7696999999999999
exp486,-0.2596999999999999,-0.3447000000000001,-0.4727
exp487,-0.6466999999999999,-0.6957000000000001,-0.7587
exp488,-0.3897,-0.5196999999999999,-0.6217
exp489,-0.2687,-0.3447000000000001,-0.4587
exp490,-0.3237,-0.4257000000000001,-0.5637
exp491,-0.5727000000000001,-0.6266999999999999,-0.7017000000000001
exp492,-0.5967000000000001,-0.6627,-0.7347
exp493,-0.2747,-0.4146999999999999,-0.6326999999999999
exp494,-0.3937,-0.5587000000000001,-0.6747
exp495,-0.5637,-0.6277,-0.7077000000000001
exp496,-0.2177000000000001,-0.3087000000000001,-0.4507
exp497,-0.3357,-0.4567,-0.6077
exp498,-0.2867,-0.3917,-0.5847000000000001
exp499,-0.4006999999999999,-0.5236999999999999,-0.6406999999999999
exp500,-0.3167000000000001,-0.3786999999999999,-0.4627
exp501,-0.3517,-0.4086999999999999,-0.5247
exp502,-0.2587,-0.3377,-0.4647
exp503,-0.6947,-0.7656999999999999,-0.8587000000000001
exp504,-0.5457,-0.6386999999999999,-0.7757
exp505,-0.0267000000000001,-0.0997000000000001,-0.3337
exp506,-0.4077,-0.5397,-0.6847
exp507,-0.0477,-0.2496999999999999,-0.3637
exp508,-0.6157,-0.6777000000000001,-0.7476999999999999
exp509,-0.3127000000000001,-0.4837000000000001,-0.6747
exp510,-0.4717000000000001,-0.5747000000000001,-0.7137000000000001
exp511,-0.7937,-0.8587000000000001,-0.9707
exp512,-0.2707,-0.3177,-0.3817
exp514,0.0032999999999998,-0.1517000000000001,-0.2427
exp515,-0.4887,-0.6107000000000001,-0.6827
exp516,-0.0777000000000001,-0.2656999999999999,-0.3826999999999999
exp517,-0.7277000000000001,-0.7747,-0.8357
exp518,-0.1297000000000001,-0.1937000000000001,-0.2456999999999999
exp519,-0.7217000000000001,-0.7647,-0.8387000000000001
exp520,-0.6346999999999999,-0.7277000000000001,-0.8137
exp521,-0.7227,-0.7957,-0.8857
exp522,-0.2167,-0.2987000000000001,-0.4266999999999999
exp523,-0.6507,-0.7157000000000001,-0.7817
exp524,-0.4557000000000001,-0.6186999999999999,-0.6847
exp525,-0.2676999999999999,-0.3397,-0.4367
exp526,-0.5087,-0.6047000000000001,-0.7067
exp527,-0.7127,-0.7627,-0.8177
exp528,-0.4527,-0.6226999999999999,-0.7767000000000001
exp529,-0.0607000000000002,-0.2836999999999999,-0.4237000000000001
exp530,-0.5997,-0.7197000000000001,-0.8277
exp531,-0.2636999999999999,-0.3477,-0.4647
exp532,-0.3617,-0.5136999999999999,-0.6687
exp533,-0.1827,-0.2847,-0.4457000000000001
exp534,-0.3187000000000001,-0.5957,-0.6887
exp535,-0.5016999999999999,-0.5767000000000001,-0.6627
exp536,-0.1887000000000001,-0.3357,-0.4767
exp537,-0.2936999999999999,-0.4057,-0.5807000000000001
exp538,-0.2167,-0.3187000000000001,-0.4527
exp539,-0.0567000000000001,-0.2787,-0.4627
exp540,-0.5627000000000001,-0.6237,-0.6787
exp541,-0.6186999999999999,-0.6967,-0.7387
exp542,-0.6486999999999999,-0.6837000000000001,-0.7217000000000001
exp543,-0.4337000000000001,-0.6397,-0.7077000000000001
exp544,-0.3547000000000001,-0.4827,-0.5847000000000001
exp545,-0.4807,-0.6426999999999999,-0.7547
exp546,-0.1977000000000001,-0.3217,-0.4297000000000001
exp547,-0.7367,-0.7807000000000001,-0.8307000000000001
exp548,,,
exp549,,,
exp550,,,
exp551,-0.0337,-0.1437000000000001,-0.3287000000000001
exp552,-0.1787,-0.3097,-0.4487
exp553,-0.2736999999999999,-0.4046999999999999,-0.5747000000000001
exp554,-0.6226999999999999,-0.7177000000000001,-0.7667
exp555,-0.1357000000000001,-0.3597,-0.5327000000000001
exp556,-0.7017000000000001,-0.7707,-0.8417
exp557,-0.4086999999999999,-0.5357,-0.7007
exp558,-0.2636999999999999,-0.4126999999999999,-0.5707000000000001
exp559,-0.2856999999999999,-0.3217,-0.3877
exp560,-0.7937,-0.8327000000000001,-0.8817
exp561,-0.7897,-0.8257,-0.8746999999999999
exp562,-0.2007,-0.3227000000000001,-0.4517000000000001
exp563,-0.2197000000000001,-0.3047000000000001,-0.4137
exp564,-0.1577000000000001,-0.2376999999999999,-0.3227000000000001
exp565,-0.2017000000000001,-0.3157,-0.4517000000000001
exp566,-0.0527000000000001,-0.2516999999999999,-0.3187000000000001
exp567,-0.2927,-0.4197000000000001,-0.5737
exp568,-0.3047000000000001,-0.4057,-0.5607000000000001
exp569,-0.3387000000000001,-0.4186999999999999,-0.5307000000000001
exp571,-0.2907,-0.3207000000000001,-0.4097
exp572,-0.7407,-0.8377,-0.9057
exp573,-0.2376999999999999,-0.3097,-0.4197000000000001
exp574,-0.2317000000000001,-0.3036999999999999,-0.4157
exp575,,,
exp576,-0.4327,-0.6567,-0.7837
exp577,-0.3327000000000001,-0.3937,-0.4827
exp578,-0.6226999999999999,-0.7177000000000001,-0.7647
exp579,-0.3417,-0.3957,-0.4767
exp580,-0.2716999999999999,-0.3467000000000001,-0.4896999999999999
exp581,,,
exp582,-0.4627,-0.5827000000000001,-0.6837000000000001
exp583,-0.4507,-0.5007,-0.5877
exp584,-0.3047000000000001,-0.3547000000000001,-0.4137
exp590,-0.6357,-0.7987000000000001,-0.9167
exp597,-0.8197,-0.9097,-1.0297
exp598,-0.8257,-0.9167,-1.0396999999999998
exp600,-0.8207000000000001,-0.9177,-1.0507
exp601,-0.8307000000000001,-0.9307,-1.0686999999999998
exp602,-0.8357,-0.9417,-1.0907
exp603,-0.8337,-0.9367,-1.0846999999999998
exp604,-0.8387000000000001,-0.9377,-1.1057
exp610,-0.3027000000000001,-0.3547000000000001,-0.5257
exp611,-0.0297,-0.0657,-0.3507000000000001
exp612,-0.1037000000000001,-0.3866999999999999,-0.4377000000000001
exp613,-0.2836999999999999,-0.3257,-0.3806999999999999
exp614,-0.0537,-0.0787000000000002,-0.2967000000000001
exp615,-0.2896999999999999,-0.3297,-0.3866999999999999
exp616,-0.0527000000000001,-0.0787000000000002,-0.1977000000000001
exp617,-0.1907000000000001,-0.4727,-0.5967000000000001
exp618,-0.2127,-0.2667,
exp619,-0.3857,-0.4347,-0.5277
exp620,-0.2536999999999999,-0.3007000000000001,-0.3567000000000001
exp621,-0.2407,-0.2847,-0.3377
exp622,-0.0937000000000001,-0.3547000000000001,-0.4907
exp623,-0.3077,-0.3477,-0.4046999999999999
exp624,-0.0447000000000001,-0.0847000000000002,-0.4186999999999999
exp625,0.0002999999999999,-0.2396999999999999,-0.3367000000000001
exp626,-0.0827000000000002,-0.0227000000000001,-0.4737000000000001
exp627,-0.2927,-0.3227000000000001,-0.4026999999999999
exp628,-0.0457,-0.0207000000000001,-0.3407000000000001
exp629,-0.3277,-0.3497,-0.3986999999999999
exp630,0.0042999999999999,-0.2567,-0.3047000000000001
exp631,-0.2656999999999999,-0.3127000000000001,-0.3746999999999999
exp632,-0.2327,-0.3557,-0.4427
exp633,-0.2167,-0.2887,-0.3497
exp634,-0.2767,-0.3177,-0.3777
exp635,-0.2736999999999999,-0.3117,-0.3886999999999999
exp636,-0.3467000000000001,-0.3986999999999999,-0.4927
exp637,-0.0517,-0.0707000000000002,0.0012999999999998
exp638,-0.2987000000000001,-0.3397,-0.4887
exp639,-0.0327000000000001,-0.2237000000000001,-0.3117
exp640,-0.2796999999999999,-0.3407000000000001,-0.4166999999999999
exp641,0.0032999999999998,-0.1926999999999999,-0.2716999999999999
exp642,-0.0387000000000001,-0.2916999999999999,-0.3307000000000001
exp643,0.0052999999999998,-0.2496999999999999,-0.3317
exp644,-0.0087000000000001,-0.2716999999999999,-0.3087000000000001
exp645,-0.0407000000000001,-0.1167,-0.4157
exp646,-0.1627,-0.2676999999999999,-0.3287000000000001
exp647,-0.1147,-0.2856999999999999,-0.3247000000000001
exp648,-0.3706999999999999,-0.4126999999999999,-0.4777000000000001
exp649,-0.0077,-0.2227,-0.2867
exp650,-0.0297,-0.0727000000000002,-0.4257000000000001
exp651,-0.1377000000000001,-0.2487,-0.3117
exp652,-0.0127000000000001,-0.1137000000000001,-0.3217
exp653,-0.0337,-0.2496999999999999,-0.2996999999999999
exp654,-0.2267,-0.2636999999999999,-0.3127000000000001
exp655,-0.3977,-0.4537000000000001,-0.5367000000000001
exp656,-0.7057000000000001,-0.7987000000000001,-0.9257
exp657,-0.1627,-0.3957,-0.4837000000000001
exp658,-0.0817000000000001,-0.3067000000000001,-0.3607000000000001
exp659,-0.1087000000000002,-0.2327,-0.2976999999999999
exp660,-0.2307,-0.3007000000000001,-0.4006999999999999
exp661,-0.0157,-0.2496999999999999,-0.3027000000000001
exp662,-0.3797,-0.4417000000000001,-0.5647000000000001
exp663,-0.0577,-0.2227,-0.2896999999999999
exp664,-0.0647000000000002,-0.0507000000000001,-0.1887000000000001
exp665,-0.0117,-0.2407,-0.2987000000000001
exp666,-0.0227000000000001,-0.2856999999999999,-0.3307000000000001
exp667,-0.0797000000000001,-0.0997000000000001,-0.1747
exp668,-0.0707000000000002,-0.0907000000000002,-0.2207
exp669,-0.0887000000000002,-0.1007000000000002,-0.1787
exp670,-0.3317,-0.3717,-0.4297000000000001
exp671,-0.0677000000000001,-0.0987000000000002,-0.3837
exp672,-0.0867000000000002,-0.0977000000000001,-0.1607
exp673,-0.0867000000000002,-0.0707000000000002,-0.1687
exp674,-0.0537,-0.0737000000000001,-0.1807
exp675,-0.0657,-0.0547000000000001,-0.1687
exp676,-0.4226999999999999,-0.4377000000000001,-0.5136999999999999
exp677,-0.0897000000000001,-0.0747000000000002,-0.1637000000000001
exp678,-0.0147000000000001,0.0012999999999998,-0.4317000000000001
exp679,-0.0577,-0.1327,-0.4306999999999999
exp680,-0.2747,-0.3067000000000001,-0.3557
exp681,-0.0787000000000002,-0.0677000000000001,-0.1607
exp682,-0.0517,-0.0397,-0.1797000000000002
exp683,-0.4387,-0.4987,-0.5947000000000001
exp684,-0.0797000000000001,-0.0927000000000002,-0.1727
exp685,-0.0497,-0.0657,-0.0027000000000001
exp686,-0.0727000000000002,-0.0857000000000001,-0.0197
exp687,-0.0677000000000001,-0.2197000000000001,-0.4277000000000001
exp688,-0.0637,-0.0847000000000002,-0.1697000000000001
exp689,-0.0727000000000002,-0.0877000000000001,-0.1617000000000001
exp690,-0.0377,-0.2037000000000001,-0.4687
exp691,-0.0407000000000001,-0.0627000000000002,-0.1877000000000002
exp692,-0.0757000000000001,-0.0567000000000001,-0.1657000000000001
exp693,-0.0777000000000001,-0.0617,-0.1657000000000001
exp694,-0.0537,-0.0697000000000001,-0.1697000000000001
exp695,-0.0737000000000001,-0.0937000000000001,-0.1667
exp696,-0.0247000000000001,-0.0837000000000001,-0.3697
exp697,-0.0427000000000001,-0.0677000000000001,-0.2267
exp698,-0.0797000000000001,-0.0927000000000002,-0.1667
exp699,-0.4617000000000001,-0.5497,-0.6817000000000001
exp700,-0.0507000000000001,-0.0687000000000002,-0.1597000000000001
exp701,-0.0557,-0.0787000000000002,-0.1737000000000002
exp702,-0.0627000000000002,-0.0467000000000001,-0.1847000000000001
exp703,-0.0277,-0.1157000000000001,-0.3886999999999999
exp704,-0.0597,-0.0777000000000001,-0.1667
exp705,-0.0557,-0.0657,-0.0137
exp706,-0.2736999999999999,-0.3137,-0.3666999999999999
exp707,-0.0347000000000001,-0.0537,-0.4106999999999999
exp708,-0.0397,-0.0287000000000001,-0.2047
exp709,-0.0757000000000001,-0.0537,-0.1797000000000002
exp710,-0.0587000000000001,-0.0447000000000001,-0.1587
exp711,-0.0427000000000001,-0.0677000000000001,-0.2427
exp712,-0.0417,-0.0637,-0.3357
exp713,-0.0687000000000002,-0.0547000000000001,-0.1767
exp714,-0.0567000000000001,-0.0397,-0.0067000000000001
exp715,-0.0747000000000002,-0.0597,-0.1597000000000001
exp716,-0.0467000000000001,-0.0667000000000002,-0.2137000000000001
exp717,-0.3706999999999999,-0.4146999999999999,-0.4807
exp718,-0.0627000000000002,-0.0517,-0.1697000000000001
exp719,-0.0697000000000001,-0.0497,-0.0107000000000001
exp720,-0.0357,-0.0947000000000002,-0.3257
exp721,-0.0347000000000001,-0.1507,-0.3917
exp722,-0.0677000000000001,-0.3857,-0.4337000000000001
exp723,-0.0607000000000002,-0.0427000000000001,-0.1957000000000001
exp724,-0.0617,-0.0447000000000001,-0.1697000000000001
exp725,-0.4487,-0.5287000000000001,-0.6386999999999999
exp726,-0.0027000000000001,-0.2987000000000001,-0.3397
exp727,-0.0367000000000001,-0.0697000000000001,-0.3866999999999999
exp728,-0.0537,-0.0667000000000002,-0.1657000000000001
exp729,-0.5877,-0.6977000000000001,-0.8617
exp730,-0.4046999999999999,-0.4627,-0.5817
exp731,-0.3497,-0.4057,-0.4757000000000001
exp732,-0.4297000000000001,-0.4896999999999999,-0.5817
exp733,-0.2107,-0.2867,-0.3786999999999999
exp734,-0.3877,-0.4477000000000001,-0.5437
exp735,-0.3657,-0.4367,-0.5387000000000001
exp736,-0.0087000000000001,-0.2776999999999999,-0.3177
exp737,-0.2436999999999999,-0.3147000000000001,-0.4037
exp738,-0.3177,-0.3937,-0.5067
exp739,-0.3056999999999999,-0.3846999999999999,-0.4876999999999999
exp740,-0.0967000000000002,-0.0347000000000001,-0.4327
exp741,-0.3917,-0.4357000000000001,-0.5187
exp742,-0.3397,-0.4086999999999999,-0.4717000000000001
exp743,-0.1897000000000002,-0.3107000000000001,-0.4097
exp744,-0.4367,-0.4996999999999999,-0.5917
exp745,-0.1527,-0.2297000000000001,-0.3157
exp746,-0.4767,-0.5757,-0.6917000000000001
exp747,-0.0047000000000001,-0.2687,
exp748,-0.3926999999999999,-0.4497000000000001,-0.5267000000000001
exp749,-0.4037,-0.4677000000000001,-0.5507000000000001
exp750,-0.0347000000000001,-0.0687000000000002,-0.3957
exp751,0.0072999999999998,-0.2616999999999999,-0.3487000000000001
exp752,-0.0577,-0.0427000000000001,-0.1607
exp753,-0.0167000000000001,-0.0497,-0.3297
exp754,-0.0047000000000001,-0.3247000000000001,-0.4077
exp755,-0.2847,-0.3187000000000001,-0.3886999999999999
exp756,0.0072999999999998,-0.2337000000000001,-0.3147000000000001
exp757,-0.0337,-0.0197,-0.2127
exp758,-0.0087000000000001,-0.2576999999999999,-0.2956999999999999
exp759,-0.5697,-0.6237,-0.6817000000000001
exp760,-0.3547000000000001,-0.4086999999999999,-0.4767
exp761,-0.0407000000000001,-0.3036999999999999,-0.4447
exp762,-0.2676999999999999,-0.3717,-0.4497000000000001
exp763,-0.0377,-0.0687000000000002,-0.3866999999999999
exp764,-0.2077000000000001,-0.3497,-0.4387
exp765,-0.5056999999999999,-0.5777,-0.6527
exp766,-0.0487000000000001,-0.1107000000000002,-0.3817
exp767,-0.4876999999999999,-0.5437,-0.6237
exp768,-0.0157,-0.2827,-0.3697
exp769,-0.0057,-0.3087000000000001,-0.3467000000000001
exp770,-0.2447,-0.3397,-0.4357000000000001
exp771,-0.3657,-0.4457000000000001,-0.5487000000000001
exp772,-0.0517,-0.0767000000000002,-0.1697000000000001
exp773,-0.0567000000000001,-0.0747000000000002,-0.0107000000000001
exp774,-0.4226999999999999,-0.4876999999999999,-0.5657
exp775,-0.5187,-0.5777,-0.6477
exp776,0.0032999999999998,-0.2636999999999999,-0.3447000000000001
exp777,0.0092999999999998,-0.2687,-0.3467000000000001
exp778,-0.0507000000000001,-0.1117000000000001,-0.3826999999999999
exp779,-0.2927,-0.3717,-0.4876999999999999
exp780,0.0082999999999999,-0.2287,-0.3137
exp781,-0.2556999999999999,-0.3277,-0.4226999999999999
exp782,-0.3997,-0.4647,-0.5527000000000001
exp783,-0.1217000000000001,-0.2856999999999999,-0.3277
exp784,0.0072999999999998,-0.2587,-0.3457
exp785,-0.1057000000000001,-0.2017000000000001,-0.2887
exp786,-0.0637,-0.2636999999999999,-0.4206999999999999
exp787,-0.0337,-0.2936999999999999,-0.3857
exp788,-0.3877,-0.4627,-0.5537
exp789,0.0002999999999999,-0.1887000000000001,-0.3157
exp790,-0.0107000000000001,-0.1777000000000002,-0.2907
exp791,0.0062999999999999,-0.1037000000000001,-0.2607
exp792,-0.0217,-0.2427,-0.3677
exp793,-0.1297000000000001,-0.2967000000000001,-0.4017
exp794,-0.0387000000000001,-0.1857000000000002,-0.3717
exp795,-0.3857,-0.6437,-0.7567
exp796,-0.0517,-0.2716999999999999,-0.3826999999999999
exp797,-0.0097,-0.2487,-0.3487000000000001
exp798,-0.0027000000000001,-0.0187000000000001,-0.2427
exp800,-0.2287,-0.3167000000000001,-0.4026999999999999
exp801,-0.3297,-0.3766999999999999,-0.4437000000000001
exp802,-0.0587000000000001,-0.1227,
exp803,-0.0007000000000001,-0.1587,-0.3966999999999999
exp804,-0.0867000000000002,-0.3157,-0.4357000000000001
exp805,0.0052999999999998,-0.3007000000000001,-0.3897
exp806,-0.4467,-0.5187,-0.6166999999999999
exp807,-0.0307000000000001,-0.1627,-0.3977
exp808,-0.0327000000000001,-0.2047,-0.3897
exp809,-0.2836999999999999,-0.3237,-0.3806999999999999
exp810,-0.2767,-0.3497,-0.4467
exp811,-0.0377,-0.0637,-0.3447000000000001
exp812,-0.3986999999999999,-0.5156999999999999,-0.6947
exp813,-0.0327000000000001,-0.0497,-0.3357
exp814,-0.4277000000000001,-0.5387000000000001,-0.6737000000000001
exp815,-0.0327000000000001,-0.0527000000000001,-0.2867
exp816,-0.0417,-0.0577,-0.1797000000000002
exp817,-0.0477,-0.0617,-0.1687
exp818,-0.0487000000000001,-0.3077,-0.3957
exp819,-0.2137000000000001,-0.3646999999999999,-0.4587
exp820,-0.4507,-0.5047,-0.5767000000000001
exp821,-0.0427000000000001,-0.0657,-0.1757000000000002
exp822,-0.0317,-0.1447,-0.3946999999999999
exp823,-0.0387000000000001,-0.1177000000000001,-0.4146999999999999
exp824,-0.6557000000000001,-0.7247,-0.7997
exp825,-0.5867000000000001,-0.6537000000000001,-0.7476999999999999
exp826,-0.0287000000000001,-0.0517,-0.3487000000000001
exp827,-0.0317,-0.0117,-0.3626999999999999
exp828,-0.0437,-0.0607000000000002,-0.1867000000000001
exp829,-0.0477,-0.0597,-0.1527
exp830,-0.0527000000000001,-0.0317,0.0052999999999998
exp831,-0.0407000000000001,-0.0627000000000002,-0.3537
exp832,-0.0437,-0.0677000000000001,-0.1867000000000001
exp833,-0.0497,-0.0297,-0.2487
exp834,-0.0417,-0.3287000000000001,-0.4026999999999999
exp835,-0.0287000000000001,-0.1427,-0.3917
exp836,-0.0577,-0.0797000000000001,-0.1637000000000001
exp837,-0.0387000000000001,-0.0727000000000002,-0.3427000000000001
exp838,-0.0617,-0.0727000000000002,-0.1467
exp839,-0.0707000000000002,-0.0807000000000002,-0.1377000000000001
exp840,-0.0777000000000001,-0.0907000000000002,-0.1887000000000001
exp841,-0.0307000000000001,-0.1647,-0.4057
exp842,-0.3977,-0.4117,-0.4887
exp843,-0.0457,-0.0607000000000002,0.0002999999999999
exp844,-0.0857000000000001,-0.0947000000000002,-0.1417000000000001
exp845,-0.2337000000000001,-0.3567000000000001,-0.4277000000000001
exp846,-0.0967000000000002,-0.3797,-0.4367
exp847,-0.0527000000000001,-0.0267000000000001,-0.2127
exp848,-0.0567000000000001,-0.3657,-0.3986999999999999
exp849,-0.5327000000000001,-0.6107000000000001,-0.7267
exp850,-0.0437,-0.0177,-0.3117
exp851,-0.0497,-0.0047000000000001,-0.3986999999999999
exp852,-0.0337,-0.1807,-0.4146999999999999
exp853,-0.0207000000000001,-0.0737000000000001,-0.3877
exp854,-0.6397,-0.6887,-0.7547
exp855,-0.0437,-0.0737000000000001,-0.3646999999999999
exp856,-0.0437,-0.1277000000000001,-0.3877
exp857,-0.0407000000000001,-0.1127,-0.3857
exp858,-0.0117,-0.0897000000000001,-0.4106999999999999
exp859,-0.0767000000000002,-0.2927,-0.3547000000000001
exp860,-0.4297000000000001,-0.5497,-0.6657000000000001
exp861,-0.0187000000000001,-0.0817000000000001,-0.3387000000000001
exp862,0.0102999999999999,-0.1587,-0.2927
exp863,-0.1417000000000001,-0.2357000000000001,-0.3287000000000001
exp864,-0.1257000000000001,-0.4377000000000001,-0.5397
exp865,0.0102999999999999,-0.2927,-0.3937
exp866,-0.2067,-0.2856999999999999,-0.4066999999999999
exp867,-0.0397,-0.2376999999999999,-0.3377
exp868,-0.4457000000000001,-0.5357,-0.6426999999999999
exp869,-0.3397,-0.3977,-0.5047
exp870,0.0052999999999998,-0.2007,-0.2876999999999999
exp871,-0.3087000000000001,-0.3706999999999999,-0.4507
exp872,-0.4477000000000001,-0.5227,-0.6397
exp873,-0.1357000000000001,-0.2107,-0.3016999999999999
exp874,-0.0247000000000001,-0.2007,-0.3327000000000001
exp875,-0.2927,-0.3746999999999999,-0.4587
exp876,0.0102999999999999,-0.2907,-0.3567000000000001
exp877,-0.0827000000000002,-0.1307,-0.2516999999999999
exp878,-0.4277000000000001,-0.5147,-0.5967000000000001
exp879,-0.3577,-0.4387,-0.5417
exp880,-0.0077,-0.2247,-0.2636999999999999
exp881,-0.2317000000000001,-0.3077,-0.4137
exp882,-0.1417000000000001,-0.2317000000000001,-0.3127000000000001
exp883,-0.2516999999999999,-0.3036999999999999,-0.3757
exp884,-0.5957,-0.6426999999999999,-0.7037000000000001
exp885,-0.0717000000000001,-0.1277000000000001,-0.3877
exp886,-0.0317,-0.0657,-0.3497
exp887,-0.0277,0.0042999999999999,-0.3407000000000001
exp888,-0.2967000000000001,-0.3766999999999999,-0.4707
exp889,0.0122999999999999,-0.3237,-0.3886999999999999
exp890,-0.0647000000000002,-0.1377000000000001,-0.2756999999999999
exp891,-0.0247000000000001,-0.1807,-0.2387
exp892,-0.3187000000000001,-0.3666999999999999,-0.4367
exp893,-0.0097,-0.2147,-0.2967000000000001
exp894,-0.0087000000000001,-0.0827000000000002,-0.2816999999999999
exp895,-0.0287000000000001,-0.1377000000000001,-0.2367
exp896,-0.0157,-0.1007000000000002,-0.3347000000000001
exp897,-0.3267000000000001,-0.3937,-0.4597000000000001
exp898,-0.2017000000000001,-0.2656999999999999,-0.3497
exp899,-0.1817000000000002,-0.2427,-0.2936999999999999
exp900,-0.2317000000000001,-0.2696999999999999,-0.3377
exp901,-0.0157,-0.0767000000000002,-0.3016999999999999
exp902,-0.0477,-0.1197000000000001,-0.3517
exp903,-0.1547,-0.2496999999999999,-0.3127000000000001
exp904,-0.3637,-0.4266999999999999,-0.5307000000000001
exp905,-0.0207000000000001,-0.2077000000000001,-0.2567
exp906,-0.5467000000000001,-0.6077,-0.6807
exp907,0.0062999999999999,-0.2536999999999999,-0.3297
exp908,-0.0617,-0.1827,-0.2536999999999999
exp909,0.0032999999999998,-0.2967000000000001,-0.3447000000000001
exp910,-0.0177,-0.2147,-0.2647
exp911,-0.5877,-0.6346999999999999,-0.6977000000000001
exp912,-0.2967000000000001,-0.3837,-0.5397
exp913,-0.2787,-0.3327000000000001,-0.4006999999999999
exp914,0.0042999999999999,-0.2607,-0.3367000000000001
exp915,-0.2887,-0.4017,-0.5407000000000001
exp916,-0.0737000000000001,-0.2496999999999999,-0.3407000000000001
exp917,-0.0727000000000002,-0.2297000000000001,-0.2876999999999999
exp918,-0.2027,-0.2536999999999999,-0.3157
exp919,-0.1897000000000002,-0.2587,-0.3507000000000001
exp920,-0.5767000000000001,-0.6457,-0.7327
exp921,-0.2376999999999999,-0.2876999999999999,-0.3457
exp922,-0.1187,-0.2057000000000001,-0.3016999999999999
exp923,-0.3047000000000001,-0.3637,-0.4377000000000001
exp924,-0.2007,-0.2396999999999999,-0.2927
exp925,-0.1767,-0.2427,-0.2956999999999999
exp926,-0.1717000000000001,-0.2376999999999999,-0.3247000000000001
exp927,-0.2207,-0.2827,-0.3786999999999999
exp928,-0.1946999999999999,-0.2407,-0.3016999999999999
exp929,-0.1907000000000001,-0.2496999999999999,-0.3127000000000001
exp930,-0.2467,-0.2987000000000001,-0.3547000000000001
exp931,-0.0847000000000002,-0.2807,-0.3317
exp932,-0.0927000000000002,-0.2227,-0.2707
exp933,-0.3097,-0.3487000000000001,-0.4066999999999999
exp934,-0.2087,-0.2467,-0.2967000000000001
exp935,-0.4186999999999999,-0.4947,-0.5827000000000001
exp936,-0.2847,-0.3726999999999999,-0.5096999999999999
exp937,-0.3127000000000001,-0.3517,-0.4086999999999999
exp938,-0.1767,-0.2327,-0.2867
exp939,-0.2147,-0.2696999999999999,-0.3367000000000001
exp940,-0.6057,-0.6907,-0.7636999999999999
exp941,-0.2756999999999999,-0.3137,-0.3706999999999999
exp942,-0.2927,-0.3557,-0.4717000000000001
exp943,-0.4847,-0.5447000000000001,-0.6166999999999999
exp944,-0.6857000000000001,-0.7317000000000001,-0.8657
exp945,-0.2387,-0.2667,-0.3157
exp946,-0.2627,-0.2936999999999999,-0.4086999999999999
exp947,-0.5076999999999999,-0.5987000000000001,-0.7496999999999999
exp948,-0.2416999999999999,-0.2847,-0.3287000000000001
exp949,-0.4827,-0.5987000000000001,-0.7887000000000001
exp950,-0.2616999999999999,-0.2856999999999999,-0.3717
exp951,-0.2647,-0.3087000000000001,-0.5247
exp952,-0.5907000000000001,-0.7137000000000001,-0.8337
exp953,-0.2507,-0.2736999999999999,-0.3377
exp954,-0.0157,-0.1607,-0.2747
exp955,-0.2456999999999999,-0.2927,-0.3517
exp956,-0.3177,-0.3587000000000001,-0.4157
exp957,-0.2596999999999999,-0.3327000000000001,-0.4347
exp958,-0.3626999999999999,-0.5167,-0.6426999999999999
exp959,-0.2507,-0.2867,-0.3377
exp960,-0.3067000000000001,-0.3457,-0.4146999999999999
exp961,-0.3297,-0.4097,-0.5517
exp962,-0.2297000000000001,-0.3027000000000001,-0.4197000000000001
exp963,-0.2656999999999999,-0.3297,-0.4507
exp964,-0.2097000000000001,-0.3047000000000001,-0.4347
exp965,-0.5587000000000001,-0.6597000000000001,-0.7576999999999999
exp966,-0.3047000000000001,-0.3457,-0.4086999999999999
exp967,-0.2947000000000001,-0.3317,-0.3866999999999999
exp968,-0.3007000000000001,-0.3857,-0.5176999999999999
exp969,-0.2916999999999999,-0.3307000000000001,-0.3897
exp970,-0.3746999999999999,-0.4266999999999999,-0.5036999999999999
exp971,-0.2776999999999999,-0.3127000000000001,-0.3617
exp972,-0.3167000000000001,-0.3646999999999999,-0.4327
exp973,-0.7147,-0.7687,-0.8307000000000001
exp974,-0.4677000000000001,-0.5407000000000001,-0.6607
exp975,-0.6597000000000001,-0.7327,-0.8357
exp976,-0.2596999999999999,-0.2927,-0.3407000000000001
exp977,-0.7087,-0.7616999999999999,-0.8257
exp978,-0.2867,-0.3267000000000001,-0.3837
exp979,-0.6226999999999999,-0.6827,-0.7667
exp980,-0.5527000000000001,-0.6277,-0.7367
exp981,-0.5417,-0.6386999999999999,-0.7357000000000001
exp982,0.0082999999999999,-0.3067000000000001,-0.3886999999999999
exp983,-0.0207000000000001,-0.2936999999999999,-0.3766999999999999
exp984,0.0002999999999999,-0.2587,-0.3367000000000001
exp985,-0.4587,-0.5277,-0.6477
exp986,-0.3127000000000001,-0.3857,-0.4876999999999999
exp987,-0.4327,-0.5056999999999999,-0.6166999999999999
exp988,-0.3427000000000001,-0.4137,-0.5167
exp989,-0.5667000000000001,-0.6587,-0.7757
exp990,-0.0257,-0.0047000000000001,-0.3287000000000001
exp991,-0.1897000000000002,-0.3577,-0.3937
exp992,-0.1257000000000001,-0.4077,
exp993,-0.0837000000000001,-0.2736999999999999,-0.3167000000000001
exp994,-0.0607000000000002,-0.0737000000000001,-0.1517000000000001
exp995,-0.0067000000000001,-0.1027000000000002,-0.3127000000000001
exp996,0.0002999999999999,-0.3227000000000001,-0.3797
exp997,-0.5407000000000001,-0.6107000000000001,-0.7097000000000001
exp998,-0.0217,-0.0527000000000001,-0.3507000000000001
exp999,-0.2057000000000001,-0.2767,-0.3706999999999999
exp1000,-0.0117,-0.2727,-0.3917
exp1001,-0.0087000000000001,-0.2507,-0.3507000000000001
exp1002,-0.0457,-0.0637,-0.3297
exp1003,-0.0307000000000001,0.0082999999999999,-0.3977
exp1004,-0.0307000000000001,-0.2876999999999999,-0.3706999999999999
exp1005,-0.0437,-0.0567000000000001,-0.1687
exp1006,-0.2887,-0.3657,-0.4657000000000001
exp1007,-0.4577000000000001,-0.5136999999999999,-0.5847000000000001
exp1008,-0.2727,-0.3677,-0.4277000000000001
exp1009,-0.0517,-0.3207000000000001,-0.4166999999999999
exp1010,-0.0457,-0.2436999999999999,-0.4106999999999999
exp1011,-0.0437,-0.0657,-0.3277
exp1012,-0.1547,-0.2387,-0.3157
exp1013,-0.2696999999999999,-0.3357,-0.4266999999999999
exp1014,-0.2787,-0.3117,-0.4226999999999999
exp1015,-0.0027000000000001,-0.3946999999999999,-0.4337000000000001
exp1016,-0.0097,-0.2357000000000001,-0.3187000000000001
exp1017,-0.0057,-0.2927,-0.3966999999999999
exp1018,-0.2247,-0.2836999999999999,-0.3327000000000001
exp1019,-0.4407,-0.5147,-0.6457
exp1020,-0.0307000000000001,-0.3227000000000001,-0.3637
exp1021,-0.0427000000000001,-0.3097,-0.4166999999999999
exp1022,-0.3857,-0.4747,-0.5867000000000001
exp1023,-0.0527000000000001,0.0032999999999998,-0.4126999999999999
exp1024,-0.0257,-0.1517000000000001,-0.3866999999999999
exp1025,-0.1926999999999999,-0.2836999999999999,-0.3737
exp1026,-0.2756999999999999,-0.3437,-0.4387
exp1027,0.0042999999999999,-0.2616999999999999,-0.3417
exp1028,-0.2207,-0.3077,-0.3977
exp1029,-0.0277,-0.1217000000000001,-0.3347000000000001
exp1030,-0.3317,-0.4157,-0.5327000000000001
exp1031,-0.0467000000000001,-0.0767000000000002,-0.3726999999999999
exp1032,-0.2627,-0.2916999999999999,-0.3307000000000001
exp1033,-0.0097,-0.3367000000000001,-0.4086999999999999
exp1034,-0.1697000000000001,-0.2516999999999999,-0.3297
exp1035,-0.0467000000000001,-0.3746999999999999,-0.4197000000000001
exp1036,-0.5167,-0.5987000000000001,-0.6817000000000001
exp1037,-0.0717000000000001,-0.3567000000000001,-0.4206999999999999
exp1038,-0.6446999999999999,-0.6837000000000001,-0.7427
exp1039,-0.0507000000000001,-0.0637,-0.0167000000000001
exp1040,-0.2667,-0.3397,-0.4337000000000001
exp1041,-0.3337,-0.3757,-0.4397000000000001
exp1042,-0.2847,-0.3297,-0.3886999999999999
exp1043,-0.2467,-0.3217,-0.4126999999999999
exp1044,-0.4397000000000001,-0.5007,-0.5857
exp1045,-0.2916999999999999,-0.3287000000000001,-0.3806999999999999
exp1046,-0.0207000000000001,-0.1177000000000001,-0.3447000000000001
exp1047,-0.2747,-0.3097,-0.3557
exp1048,-0.3766999999999999,-0.4257000000000001,-0.4947
exp1049,-0.2876999999999999,-0.3247000000000001,-0.3777
exp1050,-0.4787,-0.5647000000000001,-0.6787
exp1051,-0.4126999999999999,-0.4697000000000001,-0.5507000000000001
exp1052,-0.1367,-0.3637,-0.5067
exp1053,-0.6667,-0.7117000000000001,-0.7547
exp1054,-0.0257,0.0092999999999998,-0.4157
exp1055,-0.0427000000000001,-0.0557,-0.1627
exp1056,-0.4577000000000001,-0.5096999999999999,-0.5807000000000001
exp1057,-0.3946999999999999,-0.4467,-0.5216999999999999
exp1058,-0.5917,-0.6477,-0.7137000000000001
exp1059,-0.3036999999999999,-0.3777,-0.4677000000000001
exp1060,-0.0457,-0.3367000000000001,-0.4347
exp1061,-0.0537,-0.0697000000000001,-0.2247
exp1062,-0.3087000000000001,-0.3477,-0.4026999999999999
exp1063,-0.0627000000000002,-0.0787000000000002,-0.0197
exp1064,-0.6797000000000001,-0.7317000000000001,-0.8047000000000001
exp1065,-0.0247000000000001,-0.0857000000000001,-0.3997
exp1066,-0.0657,-0.0497,-0.1557000000000001
exp1067,-0.4337000000000001,-0.4927,-0.5907000000000001
exp1068,-0.3567000000000001,-0.4006999999999999,-0.4677000000000001
exp1069,-0.0187000000000001,-0.1787,-0.3397
exp1070,-0.3786999999999999,-0.4266999999999999,-0.4936999999999999
exp1071,-0.0317,-0.0867000000000002,-0.3666999999999999
exp1072,-0.3617,-0.4037,-0.4587
exp1073,-0.3837,-0.4337000000000001,-0.5087
exp1074,-0.2896999999999999,-0.3746999999999999,-0.4767
exp1075,-0.6797000000000001,-0.7257000000000001,-0.7696999999999999
exp1076,-0.6246999999999999,-0.7037000000000001,-0.7787000000000001
exp1077,-0.2456999999999999,-0.3007000000000001,-0.3427000000000001
exp1078,0.0012999999999998,-0.3517,-0.4137
exp1079,-0.6597000000000001,-0.7067,-0.7516999999999999
exp1080,-0.0287000000000001,-0.3107000000000001,-0.3717
exp1081,-0.0237,0.0032999999999998,-0.3587000000000001
exp1082,-0.3487000000000001,-0.3937,-0.4567
exp1083,-0.3507000000000001,-0.3966999999999999,-0.4597000000000001
exp1084,-0.2667,-0.3027000000000001,-0.3487000000000001
exp1085,-0.0457,-0.0577,-0.1257000000000001
exp1086,-0.0177,-0.3207000000000001,-0.4126999999999999
exp1087,-0.6346999999999999,-0.6877000000000001,-0.7516999999999999
exp1088,-0.4577000000000001,-0.5567000000000001,-0.6667
exp1089,-0.2836999999999999,-0.3197,-0.3686999999999999
exp1090,-0.0127000000000001,-0.0777000000000001,-0.3597
exp1091,-0.0237,-0.2667,-0.3547000000000001
exp1092,-0.0227000000000001,-0.0887000000000002,-0.3577
exp1093,-0.2656999999999999,-0.3027000000000001,-0.3487000000000001
exp1094,-0.4477000000000001,-0.4807,-0.5277
exp1095,-0.0787000000000002,-0.3377,-0.4487
exp1096,-0.3737,-0.4226999999999999,-0.4887
exp1097,-0.4657000000000001,-0.5617,-0.6707
exp1098,-0.3147000000000001,-0.3857,-0.4996999999999999
exp1099,-0.5176999999999999,-0.6067000000000001,-0.7416999999999999
exp1100,-0.0197,-0.2687,-0.3547000000000001
exp1101,-0.4727,-0.5367000000000001,-0.6077
exp1102,-0.4947,-0.5667000000000001,-0.6457
exp1103,-0.0157,-0.2347,-0.3187000000000001
exp1104,-0.2907,-0.3817,-0.4967
exp1105,-0.0487000000000001,-0.2516999999999999,-0.3027000000000001
exp1106,-0.1237000000000001,-0.2157000000000001,-0.3016999999999999
exp1107,-0.2916999999999999,-0.3926999999999999,-0.5387000000000001
exp1108,-0.0027000000000001,-0.2007,-0.2796999999999999
exp1109,-0.0177,-0.2217000000000001,-0.3097
exp1110,-0.4637000000000001,-0.5857,-0.6717000000000001
exp1111,-0.3726999999999999,-0.4337000000000001,-0.5136999999999999
exp1112,-0.5176999999999999,-0.6197,-0.7097000000000001
exp1113,-0.0117,-0.0647000000000002,-0.3697
exp1114,-0.5797,-0.6877000000000001,-0.8227000000000001
exp1115,-0.3537,-0.4697000000000001,-0.5797
exp1116,-0.6067000000000001,-0.6857000000000001,-0.7627
exp1117,-0.0617,-0.2387,-0.3237
exp1118,-0.2896999999999999,-0.3737,-0.5257
exp1119,-0.5287000000000001,-0.6146999999999999,-0.7117000000000001
exp1120,-0.5747000000000001,-0.6386999999999999,-0.6937000000000001
exp1121,-0.3267000000000001,-0.3886999999999999,-0.4787
exp1122,-0.4497000000000001,-0.5307000000000001,-0.6237
exp1123,-0.3347000000000001,-0.4286999999999999,-0.5477
exp1124,-0.0287000000000001,-0.3087000000000001,-0.4017
exp1125,-0.0087000000000001,-0.2667,-0.3567000000000001
exp1126,-0.4146999999999999,-0.5007,-0.5777
exp1127,-0.2727,-0.3477,-0.4157
exp1128,-0.4197000000000001,-0.5187,-0.6206999999999999
exp1129,-0.5167,-0.6007000000000001,-0.6997000000000001
exp1130,-0.2987000000000001,-0.3597,-0.4257000000000001
exp1131,-0.6146999999999999,-0.7357000000000001,-0.8547000000000001
exp1132,-0.5087,-0.5967000000000001,-0.7037000000000001
exp1133,-0.0027000000000001,-0.2576999999999999,-0.3047000000000001
exp1134,-0.4177,-0.4797000000000001,-0.5697
exp1135,-0.0127000000000001,-0.3227000000000001,
exp1136,-0.3187000000000001,-0.3577,-0.4157
exp1137,-0.3056999999999999,-0.3497,-0.4137
exp1138,-0.3866999999999999,-0.4487,-0.5377
exp1139,-0.0397,-0.3607000000000001,-0.3906999999999999
exp1140,-0.2747,-0.3036999999999999,-0.3457
exp1141,-0.3207000000000001,-0.3567000000000001,-0.4226999999999999
exp1142,-0.3957,-0.5047,-0.6217
exp1143,-0.3357,-0.4687,-0.6847
exp1144,-0.2747,-0.3447000000000001,-0.4327
exp1145,-0.1057000000000001,-0.2967000000000001,-0.3397
exp1146,-0.2787,-0.3377,-0.3997
exp1147,-0.0737000000000001,-0.2416999999999999,-0.3267000000000001
exp1148,-0.3917,-0.5127,-0.6266999999999999
exp1149,-0.2887,-0.3786999999999999,-0.5407000000000001
exp1150,-0.4677000000000001,-0.5267000000000001,-0.6017
exp1151,-0.2827,-0.3577,-0.4487
exp1152,-0.7037000000000001,-0.7547,-0.8147000000000001
exp1153,-0.0587000000000001,-0.1207,-0.3986999999999999
exp1154,-0.3227000000000001,-0.3786999999999999,-0.4717000000000001
exp1155,-0.0317,-0.0187000000000001,-0.3217
exp1156,-0.0357,-0.2596999999999999,-0.3036999999999999
exp1157,-0.1027000000000002,-0.2277000000000001,-0.3056999999999999
exp1158,-0.2996999999999999,-0.3517,-0.4447
exp1159,-0.6847,-0.7627,-0.8547000000000001
exp1160,-0.0037,-0.0307000000000001,-0.3077
exp1161,-0.1926999999999999,-0.2867,-0.3726999999999999
exp1162,0.0072999999999998,-0.2696999999999999,-0.3347000000000001
exp1163,-0.2787,-0.3187000000000001,-0.3646999999999999
exp1164,0.0032999999999998,-0.2507,-0.3036999999999999
exp1165,-0.5867000000000001,-0.6767,-0.7827000000000001
exp1166,-0.3167000000000001,-0.4046999999999999,-0.5207
exp1167,-0.3547000000000001,-0.4146999999999999,-0.4987
exp1168,-0.3646999999999999,-0.4737000000000001,-0.6146999999999999
exp1169,-0.4916999999999999,-0.5737,-0.6567
exp1170,-0.4617000000000001,-0.5367000000000001,-0.6146999999999999
exp1171,-0.3187000000000001,-0.3906999999999999,-0.4996999999999999
exp1172,-0.2676999999999999,-0.3806999999999999,-0.4857000000000001
exp1173,-0.3746999999999999,-0.4557000000000001,-0.5637
exp1174,-0.5056999999999999,-0.6226999999999999,-0.7447
exp1175,-0.0107000000000001,-0.2947000000000001,-0.3527000000000001
exp1176,-0.5597,-0.6226999999999999,-0.6897000000000001
exp1177,-0.0097,-0.1627,-0.3677
exp1178,-0.2816999999999999,-0.3087000000000001,-0.3577
exp1179,-0.0517,-0.3097,-0.3786999999999999
exp1180,-0.4517000000000001,-0.5016999999999999,-0.5977
exp1181,-0.0427000000000001,-0.2267,-0.3147000000000001
exp1182,-0.0287000000000001,-0.3036999999999999,-0.3966999999999999
exp1183,-0.2427,-0.3297,-0.4467
exp1184,-0.3327000000000001,-0.4277000000000001,-0.5417
exp1185,-0.5357,-0.6437,-0.7496999999999999
exp1186,-0.3217,-0.3726999999999999,-0.4537000000000001
exp1187,-0.0177,-0.0547000000000001,-0.3557
exp1188,-0.0157,-0.3007000000000001,-0.3527000000000001
exp1189,-0.0477,-0.3217,-0.3646999999999999
exp1190,-0.4777000000000001,-0.5417,-0.6377
exp1191,-0.3117,-0.3607000000000001,-0.4217000000000001
exp1192,-0.0177,-0.0887000000000002,-0.3677
exp1193,-0.5096999999999999,-0.5667000000000001,-0.6286999999999999
exp1194,-0.6346999999999999,-0.7177000000000001,-0.8117
exp1195,-0.6807,-0.7467,-0.8207000000000001
exp1196,-0.7487,-0.8537,-0.9217
exp1197,-0.7287,-0.8267000000000001,-0.9187
exp1198,-0.7716999999999999,-0.8766999999999999,-0.9467
exp1199,-0.3577,-0.4857000000000001,-0.7067
exp1200,-0.2867,-0.3686999999999999,-0.4987
exp1201,-0.0067000000000001,-0.2427,-0.3287000000000001
exp1202,-0.1007000000000002,-0.2516999999999999,-0.4017
exp1203,-0.0087000000000001,-0.1247,-0.3147000000000001
exp1204,0.0122999999999999,-0.2416999999999999,-0.3237
exp1205,-0.0217,-0.2427,-0.3417
exp1206,-0.2576999999999999,-0.3797,-0.5377
exp1207,-0.2947000000000001,-0.3866999999999999,-0.5156999999999999
exp1208,-0.0097,-0.2247,-0.3197
exp1209,-0.0027000000000001,-0.1767,-0.2947000000000001
exp1210,-0.0067000000000001,-0.2307,-0.3427000000000001
exp1211,-0.0057,-0.1767,-0.2867
exp1212,0.0052999999999998,-0.1687,-0.2907
exp1213,-0.0477,-0.1977000000000001,-0.3377
exp1214,-0.0257,-0.1847000000000001,-0.3646999999999999
exp1215,-0.0177,-0.0057,-0.2527
exp1216,-0.1437000000000001,-0.3317,-0.4707
exp1217,-0.1177000000000001,-0.3016999999999999,-0.4437000000000001
exp1218,0.0042999999999999,-0.1097000000000001,-0.2496999999999999
exp1219,-0.0007000000000001,-0.1617000000000001,-0.3137
exp1220,-0.0107000000000001,-0.1737000000000002,-0.3036999999999999
exp1221,-0.0477,-0.1527,-0.2976999999999999
exp1222,0.0092999999999998,-0.1807,-0.2967000000000001
exp1223,-0.0037,-0.1507,-0.2976999999999999
exp1224,-0.0577,-0.1926999999999999,-0.3866999999999999
exp1225,-0.3157,-0.5096999999999999,-0.6337
exp1226,-0.0127000000000001,-0.2167,-0.3167000000000001
exp1227,-0.0537,-0.1937000000000001,-0.3367000000000001
exp1228,-0.0467000000000001,-0.1717000000000001,-0.3127000000000001
exp1229,-0.0077,-0.1477000000000001,-0.2876999999999999
exp1230,-0.0847000000000002,-0.2307,-0.5207
exp1231,-0.0437,-0.2197000000000001,-0.3307000000000001
exp1232,-0.0557,-0.2536999999999999,-0.3977
exp1233,-0.0557,-0.1597000000000001,-0.3207000000000001
exp1234,-0.0067000000000001,-0.1437000000000001,-0.3137
exp1235,-0.0097,0.0112999999999998,-0.2927
exp1236,-0.0127000000000001,-0.1077000000000001,-0.2767
exp1237,-0.0257,-0.0837000000000001,-0.2396999999999999
exp1238,-0.0167000000000001,-0.0607000000000002,-0.2317000000000001
exp1239,-0.0157,-0.1557000000000001,-0.4707
exp1240,0.0122999999999999,-0.3016999999999999,-0.5697
exp1241,0.0052999999999998,-0.0577,-0.3217
exp1242,-0.0067000000000001,-0.0447000000000001,-0.2727
exp1243,-0.0097,-0.0337,-0.2317000000000001
exp1244,,0.0112999999999998,-0.3247000000000001
exp1245,0.0052999999999998,-0.0957000000000001,-0.3437
exp1246,,-0.0237,-0.3937
exp1247,0.0112999999999998,-0.1257000000000001,-0.3846999999999999
exp1248,0.0002999999999999,-0.1737000000000002,-0.3107000000000001
exp1249,0.0092999999999998,-0.0937000000000001,-0.4777000000000001
exp1250,0.0002999999999999,-0.0617,-0.2827
exp1251,0.0002999999999999,-0.0977000000000001,-0.3067000000000001
exp1252,-0.0107000000000001,-0.1957000000000001,-0.5227
exp1253,-0.0077,-0.0797000000000001,-0.3087000000000001
exp1254,-0.0087000000000001,-0.2337000000000001,-0.4006999999999999
exp1255,0.0062999999999999,-0.0627000000000002,-0.3147000000000001
exp1256,-0.0017,-0.0807000000000002,-0.2796999999999999
exp1257,0.0112999999999998,-0.3437,-0.5437
exp1258,0.0012999999999998,-0.0217,-0.2736999999999999
