Experiment,Overpotential @ 50 mA_Ar,Cdl mF cm-2_Ar
exp1,-0.5617,1.1909280706962735
exp2,-0.7676999999999999,0.13330186986466197
exp3,-0.7247,1.0764131455096968
exp4,-0.6426999999999999,7.614066551226045
exp5,-0.7736999999999999,0.14832014300193008
exp6,-0.6406999999999999,0.15594741542422955
exp7,-0.5367000000000001,4.541808869906356
exp8,-0.3786999999999999,19.031989494412656
exp9,-0.3686999999999999,13.069337552621848
exp10,-0.8587000000000001,0.20298140192854913
exp11,-0.5397,2.6964282534689246
exp12,-0.4367,8.919352350936089
exp13,-0.7967000000000001,0.21927675200146596
exp14,-0.7857,0.12906054368547903
exp15,-0.7107,0.15943136060446392
exp16,-0.8517,0.6763281239377119
exp17,-0.7676999999999999,0.1331815285262648
exp18,-0.5987000000000001,4.706656419943011
exp19,-0.6126999999999999,1.1731009540578794
exp20,-0.7847000000000001,0.1468703971385602
exp21,-0.7716999999999999,0.16412081162116804
exp22,-0.4387,69.05928266183243
exp23,-0.7447,0.7728803571166445
exp24,-0.3737,19.729225595507355
exp25,-0.8577,0.13511431894991696
exp26,-0.7087,0.1637651715568093
exp27,-0.6047000000000001,16.30018333075995
exp28,-0.7777,0.17668856154172485
exp29,-0.6737000000000001,1.251982308257984
exp30,-0.7627,0.13208949166905454
exp31,-0.8297,0.15049591924694622
exp32,-0.8027000000000001,0.13700391750061364
exp33,-0.8287000000000001,0.14963329258901423
exp34,-0.6837000000000001,1.0076155405818348
exp35,-0.6547,1.243257016408991
exp36,-0.8817,0.12931666385112406
exp37,-0.7837,0.1515530707431833
exp38,-0.6166999999999999,0.7236281394644456
exp39,-0.4487,6.957485247027506
exp40,-0.5587000000000001,5.997135088899365
exp41,-0.4927,9.166437624952437
exp42,-0.7727,0.12842095763502065
exp43,-0.4996999999999999,3.8797665721110492
exp44,-0.7656999999999999,0.19050198533367696
exp45,-0.4206999999999999,18.59536139033454
exp46,-0.8007000000000001,0.14242725509057158
exp47,-0.6717000000000001,0.24517595179490384
exp48,-0.8327000000000001,0.13323982512121058
exp49,-0.7456999999999999,0.501714680281744
exp50,-0.7576999999999999,0.825242082173952
exp51,-0.8846999999999999,0.10662771843931214
exp52,-0.4577000000000001,12.891071269229908
exp53,-0.6767,0.6946826489274288
exp54,-0.7337000000000001,0.16522459659547806
exp55,-0.6937000000000001,0.17958225607182626
exp56,-0.6727,1.4336522541115064
exp57,-0.8177,0.11714567150052005
exp58,-0.7627,0.17683612736915946
exp59,-0.3047000000000001,137.06124563547658
exp60,-0.5907000000000001,1.6919224644418063
exp61,-0.7807000000000001,0.15761455480521624
exp62,-0.7567,0.7886122903891022
exp63,-0.8377,2.15762218493238
exp64,-0.6497,3.4017797968793064
exp65,-0.6707,0.3486977879985528
exp66,-0.8577,0.2649402327518478
exp67,-0.4397000000000001,52.147093142957985
exp68,-0.7977,0.1416436822649728
exp69,-0.7027,0.38663794877781155
exp70,-0.7977,0.1592200328480503
exp71,-0.5407000000000001,3.0431752138138553
exp72,-0.5036999999999999,2.9556140338460253
exp73,-0.8327000000000001,0.22017509865029847
exp74,-0.8706999999999999,0.13097409331204932
exp75,-0.8527000000000001,0.13170421365163995
exp76,-0.8187000000000001,0.35762761391525105
exp77,-0.5537,2.8794164805724485
exp78,-0.5837,1.5246488721593736
exp79,-0.5887000000000001,2.031644698207633
exp80,-0.8577,0.1838363937752596
exp81,-0.6707,0.7104511955974766
exp82,-0.5367000000000001,3.147195965206118
exp83,-0.8977,0.15160485125655232
exp84,-0.6857000000000001,1.265568184621691
exp85,-0.6186999999999999,1.804200174492632
exp86,-0.7867000000000001,0.14532512819588161
exp87,-0.4657000000000001,10.093183484110321
exp88,-0.9587,0.12574801322741772
exp89,-0.8377,0.4375586395912245
exp90,-0.7327,0.3921002897186792
exp91,-0.5667000000000001,2.0987632320730714
exp95,-0.8317,0.14107356401008972
exp96,-0.8626999999999999,0.14326683221763956
exp97,-0.9727,0.16146445943961205
exp98,-0.6517000000000001,3.2830946066113365
exp99,-0.7007,0.4419552946509018
exp100,-0.9097,0.14036268175480843
exp101,-0.8387000000000001,0.17498305902434153
exp102,-0.7736999999999999,0.13778848591403464
exp103,-0.8047000000000001,0.29412794682092036
exp104,-0.7177000000000001,1.30006096207561
exp105,-0.7767000000000001,0.20766214855983883
exp106,-0.8577,0.26163571311348277
exp107,-0.4667,5.521180994735662
exp108,-0.4627,8.100664392463772
exp109,-0.6386999999999999,1.1942109062330337
exp110,-0.8427000000000001,0.15959495168831456
exp111,-0.9347,0.15363888599850425
exp112,-0.4527,2.535695799746386
exp113,-0.7607,0.16149770899825497
exp114,-0.8357,0.1689774309655016
exp115,-0.6837000000000001,3.2879170133624886
exp116,-0.6617000000000001,1.4457230013486617
exp117,-0.4777000000000001,8.392338346430872
exp118,-0.7107,0.17437386055663556
exp119,-0.6117,3.2971965971466672
exp120,-0.7857,0.18136247107992906
exp121,-0.9197,0.1590967418207702
exp122,-0.9537,0.15761782821838796
exp123,-0.7507,0.17609068438145317
exp124,-0.3786999999999999,18.30528390348148
exp125,-0.6977000000000001,0.21980809387413994
exp126,-0.7757,0.19635117679623712
exp127,-0.3686999999999999,29.042294045350108
exp128,-0.3646999999999999,12.811865973721998
exp129,-0.7257000000000001,0.1676686172944795
exp130,-0.7556999999999999,0.22655050213113886
exp131,-0.7476999999999999,0.24029195604622364
exp132,-0.5747000000000001,2.585700622107923
exp133,-0.6707,0.5376964809400495
exp134,-0.6677000000000001,0.5828299490766957
exp135,-0.8997,0.1455039478850322
exp136,-0.7357000000000001,0.19572227455146876
exp137,-0.5767000000000001,8.89308085917124
exp138,-0.7656999999999999,0.9139029300304098
exp139,-0.5787000000000001,3.7958485563209368
exp140,-0.5307000000000001,2.648080212215487
exp141,-0.6446999999999999,1.1303701531033477
exp142,-0.7487,0.15814750625674523
exp143,-0.8467000000000001,0.15813718867545226
exp144,-0.6807,0.2204516993504435
exp145,-0.7867000000000001,0.16579388293320022
exp146,-0.7007,0.15281677099346583
exp147,-0.6957000000000001,0.18874275181888742
exp148,-0.7997,0.13706513394393857
exp149,-0.7727,0.17516788027239133
exp150,-0.4447,13.18595570002605
exp151,-0.6306999999999999,0.7718961086912989
exp152,-0.7596999999999999,0.14596652999597065
exp153,-0.3577,14.295966489168732
exp154,-0.5207,1.3123749998689962
exp155,-0.6857000000000001,0.4354992648334515
exp156,-0.4597000000000001,32.15795130763728
exp157,-0.3777,21.786959125407876
exp158,-0.7596999999999999,0.24095836690379221
exp159,-0.6117,3.31202054709511
exp160,-0.6077,1.4466843177966535
exp161,-0.4206999999999999,4.372880766202864
exp162,-0.4817000000000001,8.51812458263473
exp163,-0.7297000000000001,0.17581977779255611
exp164,-0.6647,3.13003288122732
exp165,-0.5417,0.23795618585482042
exp166,-0.8177,0.14534981714609663
exp167,-0.7017000000000001,0.24194143979401628
exp168,-0.4246999999999999,2.9634460817728563
exp169,-0.3247000000000001,7.246006867940943
exp170,-0.4046999999999999,10.81498926382421
exp171,-0.4157,8.26820229025329
exp172,-0.8477,0.14411680740494173
exp173,-0.5447000000000001,4.4140372453164405
exp174,-0.5517,4.674827992830729
exp175,-0.7787000000000001,0.1379566869040562
exp176,-0.8257,0.10680712227899666
exp177,-0.8837,0.40362458493562137
exp178,-0.6346999999999999,2.6353764754883864
exp179,-0.7887000000000001,0.14906227459764154
exp181,-0.4417000000000001,13.411528229280847
exp182,-0.7187,1.6179310288788549
exp183,-0.7997,0.14300431081115572
exp184,-0.4286999999999999,12.241044296712293
exp185,-0.7516999999999999,0.1477720162963061
exp186,-0.6867,0.5029355820112028
exp187,-0.7467,0.14897878447663337
exp188,-0.4126999999999999,10.632531293484034
exp189,-0.7797,0.15203641099576404
exp190,-0.3846999999999999,14.752746249195013
exp191,-0.7516999999999999,0.13976206469345906
exp192,-0.6867,0.8026764829491452
exp193,-0.8287000000000001,0.1454521203502612
exp194,-0.7777,0.14237546915165697
exp195,-0.8067000000000001,0.5240750129900478
exp196,-0.3637,17.774035621486487
exp197,-0.8187000000000001,0.19974142007233275
exp198,-0.6326999999999999,4.489218322417327
exp199,-0.8097,0.25125285345212045
exp200,-0.8706999999999999,0.14230345406190123
exp201,-0.5747000000000001,3.6576917119568453
exp202,-0.7887000000000001,0.23172859868081971
exp203,-0.5527000000000001,8.566271245680138
exp204,-0.7817,0.21407619368847422
exp205,-0.8557,0.1742289351619238
exp206,-0.7307,0.9043413896272424
exp207,-0.3567000000000001,22.893491234863397
exp208,-0.6797000000000001,0.2721294347789022
exp209,-0.4387,31.594111314536253
exp210,-0.5567000000000001,4.747854675766112
exp211,-0.7476999999999999,0.2597556707590196
exp212,-0.4557000000000001,4.0849187904306845
exp213,-0.5747000000000001,3.265565840785514
exp215,-0.8857,0.15583371314646885
exp216,-0.6417,1.791661609491989
exp218,-0.7207,0.8111044548394364
exp220,-0.7667,0.2729047363585758
exp221,-0.7817,0.14061709468176065
exp222,-0.8347000000000001,0.1412060016048346
exp223,-0.5497,2.496086776975067
exp224,-0.5717,1.022332128003827
exp226,-0.4867,6.772500075122566
exp230,-0.6406999999999999,0.4147975940894253
exp232,-0.9147,0.1388649469309512
exp233,-0.7247,0.7225694344533358
exp234,-0.8447000000000001,0.14982426550275918
exp235,-0.8267000000000001,0.21772697171670818
exp237,-0.6807,1.094759098135644
exp238,-0.6537000000000001,1.4102621707262724
exp239,-0.6537000000000001,1.6049069678750787
exp240,-0.7436999999999999,4.405043678268697
exp241,-0.8097,0.19312415657107398
exp242,-0.7257000000000001,1.063719238064687
exp243,-0.5837,0.8154665401241079
exp244,-0.8137,0.18036725400768677
exp245,-0.5857,1.5815571058759827
exp246,-0.8837,0.1708161921436991
exp247,-0.8017,0.1792872483002649
exp249,-0.7636999999999999,0.19402570610096856
exp252,-0.6406999999999999,1.6566600279767778
exp253,-0.7857,0.3449080255492353
exp254,-0.7757,0.27717401766708666
exp255,-0.7277000000000001,0.19272655894563714
exp256,-0.6406999999999999,0.2991539264137483
exp258,-0.7977,0.11783470327076066
exp259,-0.8117,0.15235631388831472
exp260,-0.8567000000000001,0.16982298161947612
exp261,-0.5567000000000001,3.0797755900930603
exp262,-0.8157,0.16755534725194046
exp263,-0.8187000000000001,0.12446905814836115
exp265,-0.5577,0.7899411098592889
exp266,-0.7676999999999999,0.3553118368634033
exp267,-0.8557,0.08951827051087141
exp270,-0.9527,0.011839926395730695
exp271,-0.7267,0.5197889983912846
exp272,-0.8187000000000001,0.17962920784863265
exp273,-0.6827,3.7961690949061375
exp275,-0.3797,13.220526198436328
exp276,-0.7616999999999999,0.1673967431497567
exp277,-0.8706999999999999,0.16608758586077982
exp278,-0.5176999999999999,12.945633189109376
exp279,-0.6037,0.9649019295677352
exp280,-0.7797,0.18929538896233053
exp281,-0.7416999999999999,0.49757903018824684
exp282,-0.7407,0.39336310379632794
exp283,-0.4687,2.9416171180649604
exp284,-0.7447,0.6067941936533581
exp285,-0.3857,16.51746589594714
exp286,-0.7177000000000001,0.29521326413855264
exp287,-0.7007,0.8610520467259543
exp288,-0.8517,0.22748541786892829
exp289,-0.5397,6.685520314824292
exp290,-0.7247,0.24844330643843912
exp291,-0.8217,0.18645021419204097
exp292,-0.6917000000000001,0.5974933932688407
exp293,-0.7847000000000001,0.09153359344651635
exp294,-0.8307000000000001,0.1944193503113825
exp295,-0.7777,0.21573464767346845
exp296,,-113.70050179823812
exp298,-0.8177,0.20374002989897758
exp299,-0.3666999999999999,12.770953372932214
exp302,-0.7157000000000001,0.4590927248364271
exp303,-0.5687000000000001,3.605407165301227
exp304,-0.7367,0.9182249747804992
exp305,-0.5547000000000001,3.3444548269213037
exp311,-0.6507,0.7732358027655765
exp317,-0.7947000000000001,0.1647568710662815
exp318,-0.8946999999999999,0.0866753690446235
exp319,-0.8737,0.06875884934358208
exp320,-0.4617000000000001,8.870246270384033
exp321,-0.8607000000000001,0.10784185993759338
exp322,-0.5577,3.5575026624898327
exp323,-0.4437000000000001,38.444725770494344
exp324,-0.5837,1.9198262606842575
exp325,-0.6857000000000001,2.79260574413787
exp326,-0.8257,0.2902818671969393
exp327,-0.6747,0.27087302284634995
exp328,-0.5847000000000001,5.506899599456393
exp329,-0.4787,6.456263568088484
exp330,-0.7396999999999999,0.13943848508876341
exp331,-0.8726999999999999,0.16290177175848136
exp332,-0.3467000000000001,13.915765336645348
exp333,-0.8437,0.12816348741249872
exp334,-0.8877,0.10196681122375939
exp335,-0.3837,7.039498715077271
exp336,-0.8417,0.1220542666779075
exp337,-0.7516999999999999,1.0198464589999032
exp338,-0.9137,0.1516508662223036
exp339,-0.6217,3.918664124859532
exp340,-0.6857000000000001,0.7671947910997254
exp341,-0.8497,0.11421447468743343
exp342,-0.5987000000000001,1.9553871022173304
exp343,-0.5236999999999999,5.069081672988769
exp344,-0.8337,0.6844843482793671
exp345,-0.8637,0.10134420170889082
exp346,-0.9107,0.08717944935368736
exp347,-0.8946999999999999,0.09183102915022212
exp348,-0.8387000000000001,0.11687162713712526
exp349,-0.3666999999999999,29.01214337812647
exp350,-0.6667,4.015007185128345
exp351,-0.7827000000000001,0.09828013416158125
exp352,-0.8547000000000001,0.10968320277175769
exp353,-0.6466999999999999,1.7395345574142531
exp354,-0.5487000000000001,3.7829150476914477
exp355,-0.5917,3.284868308250638
exp356,-0.7307,0.15907038270642573
exp357,-0.6477,0.9911383903861153
exp358,-0.7436999999999999,0.12157051317952294
exp359,-0.7656999999999999,0.123979535485328
exp360,-0.8507000000000001,0.1080450095866291
exp361,-0.6977000000000001,0.3822149707741039
exp362,-0.5657,3.6555592912554458
exp363,-0.5096999999999999,4.501182014575677
exp364,-0.5567000000000001,2.9271062221606337
exp365,-0.8826999999999999,0.11453878131538443
exp366,-0.6947,-21.181708375907835
exp367,-0.8597,0.13218415660773408
exp369,-0.5787000000000001,2.881150394869345
exp370,-0.6807,3.800164307436866
exp371,-0.6097,1.1299682738173153
exp372,-0.3587000000000001,16.081820448800663
exp373,-0.6317,2.3975793757051473
exp374,-0.7297000000000001,0.9685354724426477
exp375,-0.7287,0.7180962068446842
exp376,-0.6057,3.415269424044697
exp377,-0.8686999999999999,0.10194209785857616
exp378,-0.4467,7.386611718972328
exp379,-0.5337,6.581455073949157
exp380,-0.7927000000000001,0.08181796751730805
exp381,-0.7447,0.10463273497393254
exp382,-0.7357000000000001,1.3092465392207764
exp383,-0.8617,0.09199605257839762
exp384,-0.8397,0.09652950918087179
exp385,-0.8297,0.11156149267463426
exp386,-0.8447000000000001,0.12064553071346443
exp387,-0.7847000000000001,0.1972393478322489
exp388,-0.8267000000000001,0.2544523706768469
exp389,-0.8966999999999999,0.09127909009379107
exp390,-0.7917,0.08656157724534266
exp391,-0.4777000000000001,9.473085545234
exp392,-0.7987000000000001,0.1092745949035704
exp393,-0.5127,9.089123403743917
exp394,-0.8377,0.10692880101464691
exp395,-0.8706999999999999,0.2047351475028596
exp401,-0.6486999999999999,0.9744601423022677
exp402,-0.6977000000000001,0.44327535728872614
exp403,-0.6206999999999999,1.985593110017233
exp404,-0.7487,0.6014226374810271
exp405,-0.6647,3.105944086896544
exp406,-0.6157,1.6866594761715494
exp407,-0.7616999999999999,0.10634280308885931
exp408,-0.7427,1.50741580767083
exp409,-0.7797,0.10609508257375125
exp410,-0.7927000000000001,0.12172789201240812
exp411,-0.7656999999999999,0.4213518443871538
exp412,-0.6587,7.483584052231607
exp413,-0.8127000000000001,0.12937596778923718
exp414,-0.6137,1.6837074633443236
exp415,-0.6186999999999999,3.0163968855622207
exp416,-0.7507,0.37846403715394206
exp418,-0.4597000000000001,6.774794972863141
exp419,-0.6457,1.6841248687364696
exp420,-0.3846999999999999,11.32372505365393
exp421,-0.7217000000000001,0.3145519109575267
exp422,-0.7857,0.3594012432139306
exp423,-0.8517,0.11267093378137376
exp424,-0.8417,0.10798151803072677
exp425,-0.7827000000000001,0.10306091250148365
exp426,-0.7827000000000001,0.8289960179299526
exp427,-0.4246999999999999,13.239656676071327
exp428,-0.8477,0.1458876389300395
exp429,-0.7467,0.45797310902112254
exp430,-0.4617000000000001,6.992674348186419
exp431,-0.5337,20.49275382928055
exp432,-0.4627,20.186007797029642
exp433,-0.7767000000000001,0.22229092350862587
exp434,-0.6386999999999999,5.124335078794095
exp435,-0.6297,2.6161200347443687
exp436,-0.6857000000000001,0.7232116021597718
exp437,-0.5487000000000001,3.8357926066004673
exp438,-0.7927000000000001,0.10094748573479305
exp439,-0.7847000000000001,0.15057538451656466
exp440,-0.8247000000000001,0.10083454032079664
exp441,-0.4797000000000001,5.261004419106873
exp442,-0.5937,3.8874700345812876
exp443,-0.5487000000000001,3.3672915859271852
exp444,-0.4497000000000001,14.01512102214052
exp445,-0.7357000000000001,0.31476101152702296
exp446,-0.8237,0.13324941477498864
exp447,-0.7127,0.6477617253906207
exp448,-0.7536999999999999,0.15304388256946483
exp449,-0.6337,2.5065410820437743
exp450,-0.4417000000000001,4.529626799493671
exp451,-0.6747,6.208403706856119
exp452,-0.6657000000000001,0.8621978136763128
exp453,-0.7907000000000001,0.10729869489441456
exp454,-0.6417,0.7448504637541632
exp455,-0.7917,0.1264972477680063
exp456,-0.7556999999999999,0.13116856932044146
exp457,-0.7327,0.10915561266461961
exp458,-0.8666999999999999,0.11574666715832968
exp459,-0.3737,5.811461397034996
exp460,-0.8347000000000001,0.11602981830185044
exp461,-0.8247000000000001,0.12789274359001057
exp462,-0.4777000000000001,7.211650316921875
exp463,-0.6637000000000001,0.5369352496114659
exp464,-0.8237,0.10852649068520746
exp465,-0.6557000000000001,0.4714393611228499
exp466,-0.4717000000000001,6.2854222357699365
exp467,-0.6677000000000001,1.8660235556385143
exp468,-0.8347000000000001,0.09791628434082328
exp469,-0.3517,14.702231425444454
exp470,-0.7827000000000001,0.11208526862244639
exp471,-0.6186999999999999,1.5030919001497118
exp472,-0.8067000000000001,0.16822772168957842
exp473,-0.7596999999999999,0.11893837973413758
exp474,-0.4407,14.129291795857865
exp475,-0.4827,5.528683259849409
exp476,-0.8447000000000001,0.16106675782453161
exp477,-0.7297000000000001,0.1242072266905604
exp478,-0.8757,0.1165325200699267
exp479,-0.5427000000000001,4.012983184935002
exp480,-0.7137000000000001,1.6440740256128896
exp481,-0.8007000000000001,0.14250197300683745
exp482,-0.4367,9.996523662340483
exp483,-0.7687,0.13827512761177366
exp484,-0.6917000000000001,0.5697167463407748
exp485,-0.8187000000000001,0.9534146546643913
exp486,-0.4747,7.771231165444115
exp487,-0.7767000000000001,0.14793746834267046
exp488,-0.6077,0.8737760659550993
exp489,-0.5717,1.8779826360821714
exp490,-0.5567000000000001,2.2762870294002533
exp491,-0.7747,0.11184693792014731
exp492,-0.7297000000000001,0.170014703258661
exp493,-0.6057,2.7207949262160938
exp494,-0.7467,0.25299349542690913
exp495,-0.7817,0.1156238734728297
exp496,-0.4627,5.264905115900885
exp497,-0.5827000000000001,1.724971820411282
exp498,-0.5527000000000001,0.6874541388145888
exp499,-0.6126999999999999,0.8195243336225745
exp500,-0.5457,3.9069422312320796
exp501,-0.6807,-38.40296560888752
exp502,-0.5717,0.4603120350721856
exp503,-0.8007000000000001,0.17382166649950775
exp504,-0.8587000000000001,1.2921410383775278
exp505,-0.3626999999999999,56.1981472081772
exp506,-0.7177000000000001,0.6110938643531456
exp507,-0.4357000000000001,2.5042460757931835
exp508,-0.8177,0.11499266446645637
exp509,-0.7857,0.16244532051530677
exp510,-0.8357,0.12618974586667947
exp511,-0.9837,0.08496523853590651
exp512,-0.4357000000000001,0.7429880634690295
exp514,-0.2716999999999999,38.50938110616173
exp515,-0.6867,0.21511071884649893
exp516,-0.4497000000000001,9.729085625445274
exp517,-0.8686999999999999,0.1295344055079856
exp518,-0.3646999999999999,3.4849451989175075
exp519,-0.9227,0.12359653619752238
exp520,-0.8437,0.1541520893643317
exp521,-0.9497,0.11451716051181796
exp522,-0.4667,4.6506705653343
exp523,-0.7797,0.49642804567048726
exp524,-0.6727,0.2062091329003321
exp525,-0.4647,8.071296541201942
exp526,-0.7157000000000001,0.3387870865380427
exp527,-0.8607000000000001,0.1208746334650988
exp528,-0.8247000000000001,0.1857318356397419
exp529,-0.7137000000000001,0.4820362133883099
exp530,-0.8277,0.21895828145324228
exp531,-0.4687,6.716747229660027
exp532,-0.6837000000000001,1.0844381982175015
exp533,-0.4747,3.3916017425629787
exp534,-0.7177000000000001,0.17196209654123573
exp535,-0.7407,4.721479194356338
exp536,-0.7347,0.42231754648538716
exp537,-0.6466999999999999,2.1571044973522127
exp538,-0.4587,6.906798976001486
exp539,-0.7616999999999999,0.668081383392076
exp540,-0.6747,0.20065074983618778
exp541,-0.7347,0.15650173900843567
exp542,-0.7117000000000001,0.09418922764739351
exp543,-0.7027,0.22649385038109834
exp544,-0.6277,0.3241366094024906
exp545,-0.7967000000000001,0.5657876829801466
exp546,-0.7347,0.15130720214801383
exp547,-0.8367000000000001,0.10299857929980102
exp548,,
exp549,,
exp550,,
exp551,-0.3377,79.09240615789747
exp552,-0.4857000000000001,10.80036379845892
exp553,-0.6366999999999999,1.3962693241052266
exp554,-0.7317000000000001,0.22830776436396055
exp555,-0.6517000000000001,5.865046085529506
exp556,-0.8457,0.19054015767168778
exp557,-0.7736999999999999,0.34204474753815156
exp558,-0.6157,3.2840398272708087
exp559,-0.4397000000000001,4.697650374137874
exp560,-0.8477,0.12605603688549083
exp561,-0.8706999999999999,0.10995116961860264
exp562,-0.7467,0.31728206413795373
exp563,-0.4667,5.6097449061579026
exp564,-0.3367000000000001,17.964164048887866
exp565,-0.4617000000000001,9.256214959892269
exp566,-0.3826999999999999,5.269376399355312
exp567,-0.6177,2.569765158493902
exp568,-0.5667000000000001,6.764771637053307
exp569,-0.5527000000000001,3.988722762477211
exp571,-0.4747,4.4769016984466905
exp572,-0.9207,0.14637342791269348
exp573,-0.4477000000000001,3.6980076834620967
exp574,-0.4297000000000001,4.850061124344666
exp575,,
exp576,-0.7927000000000001,0.18383387993862446
exp577,-0.5116999999999999,4.661590111031829
exp578,-0.7827000000000001,0.18701984233920177
exp579,-0.5187,2.708678324066814
exp580,-0.5717,2.0745110383611016
exp581,-0.3367000000000001,19.343949838737437
exp582,-0.6457,0.2159224439296224
exp583,-0.6206999999999999,1.3941638231579891
exp584,-0.4377000000000001,5.77691621784261
exp590,-0.9377,0.2488562267119875
exp597,-1.0566999999999998,0.05487130263698452
exp598,-1.0837,0.0560108121234901
exp600,-1.1246999999999998,0.0631685278945816
exp601,-1.1877,0.07067079300833053
exp602,-1.2386999999999997,0.06731067960152819
exp603,-1.2227,0.06835717713258214
exp604,,
exp610,-0.5727000000000001,2.1717549835303425
exp611,-0.4146999999999999,85.66874023917585
exp612,-0.4887,17.763162102510055
exp613,-0.3846999999999999,4.140447633156386
exp614,-0.6377,0.983466450342165
exp615,-0.4126999999999999,10.560190309224696
exp616,-0.2307,15.304155681844852
exp617,-0.7367,0.764279671989999
exp618,-0.4046999999999999,5.884874017191721
exp619,-0.5187,0.45776570845625414
exp620,-0.3757,6.5775566377996
exp621,-0.3746999999999999,40.35536730403575
exp622,-0.5067,22.221262382728597
exp623,-0.4097,4.077363897514024
exp624,-0.4457000000000001,70.74052032589688
exp625,-0.3467000000000001,53.45640144298529
exp626,-0.4967,14.249985885214207
exp627,-0.4407,6.977620264632469
exp628,-0.4177,69.56024689858093
exp629,-0.4667,9.27469012191269
exp630,-0.3467000000000001,91.11543299912319
exp631,-0.3797,7.5352031555854895
exp632,-0.6597000000000001,0.38042868186648016
exp633,-0.3497,15.338492067915396
exp634,-0.3926999999999999,8.25568908064085
exp635,-0.4066999999999999,5.709874365037083
exp636,-0.6007000000000001,2.183121802254556
exp637,-0.6057,1.5447070368954465
exp638,-0.5116999999999999,1.5562699258345234
exp639,-0.3287000000000001,39.82428133631262
exp640,-0.4837000000000001,6.497409919514896
exp641,-0.2956999999999999,63.700805674061336
exp642,-0.4006999999999999,41.732309564864174
exp643,-0.3477,46.804999497680285
exp644,-0.3207000000000001,69.47618799942843
exp645,-0.4257000000000001,63.11635855036737
exp646,-0.3127000000000001,43.422857467051664
exp647,-0.3617,53.43338084837235
exp648,-0.5216999999999999,1.6019631928362426
exp649,-0.3097,32.612743237781494
exp650,-0.4587,86.92308594270048
exp651,-0.3147000000000001,27.689632914482655
exp652,-0.3677,160.01077010805645
exp653,-0.3597,24.770135388576712
exp654,-0.3347000000000001,18.914414099720513
exp655,-0.6377,0.1530241353880231
exp656,-0.9177,0.10054805156180303
exp657,-0.8737,0.4153502041051332
exp658,-0.4927,4.682250864111225
exp659,-0.2996999999999999,35.29045670091779
exp660,-0.4137,8.447806061330523
exp661,-0.3167000000000001,76.167432446864
exp662,-0.5597,1.4966765076769806
exp663,-0.2936999999999999,51.74884626043485
exp664,-0.4447,33.40516603429341
exp665,-0.4046999999999999,38.589053541239814
exp666,-0.4157,21.6160797238367
exp667,-0.6477,1.2423301973953804
exp668,-0.0007000000000001,82.65153946844546
exp669,-0.1797000000000002,88.86643086318409
exp670,-0.4487,0.8994353119035223
exp671,-0.5587000000000001,13.058020404777594
exp672,-0.1857000000000002,-8.897937266014967
exp673,-0.1877000000000002,87.3803284114338
exp674,-0.1897000000000002,146.9338688007917
exp675,-0.4577000000000001,42.92253073203942
exp676,-0.5627000000000001,6.326123963644961
exp677,-0.1667,117.02539798146022
exp678,-0.4947,22.572941797996744
exp679,-0.4487,55.332229956179255
exp680,-0.3577,14.405796463829581
exp681,-0.0107000000000001,42.24326132881435
exp682,-0.4527,32.33372455232434
exp683,-0.8507000000000001,0.11415080770552274
exp684,-0.1867000000000001,110.2708907553414
exp685,-0.2017000000000001,149.1978228391554
exp686,-0.1807,98.71177257121764
exp687,-0.5096999999999999,13.080197417305762
exp688,-0.1817000000000002,119.29761693595103
exp689,-0.5897,7.504049214352764
exp690,-0.4827,26.295329808498515
exp691,-0.2647,131.64772557226019
exp692,-0.4487,34.46121162326694
exp693,-0.0137,126.02393844700634
exp694,-0.4497000000000001,24.307885140246952
exp695,-0.1767,78.42397157141575
exp696,-0.4077,83.28296911371633
exp697,-0.2676999999999999,124.67326668325927
exp698,-0.0107000000000001,73.40144353053792
exp699,-0.6847,2.059598109446915
exp700,-0.1747,140.83680219504157
exp701,-0.1897000000000002,96.50947987100518
exp702,-0.1937000000000001,122.73346193199203
exp703,-0.4197000000000001,75.4067445772097
exp704,-0.1687,153.09274142593824
exp705,-0.1647,168.76001122440715
exp706,-0.3646999999999999,14.77612619585052
exp707,-0.4367,123.73226890762575
exp708,-0.2257000000000001,148.90676938687832
exp709,-0.1877000000000002,116.95655683652019
exp710,-0.1717000000000001,156.5537157457397
exp711,-0.2787,120.04141417449625
exp712,-0.4066999999999999,92.34572544564784
exp713,-0.1827,116.60519843276461
exp714,-0.2287,141.09085341888124
exp715,-0.1667,129.8372025560788
exp716,-0.2516999999999999,135.40313526844332
exp717,-0.5277,0.22515641695127794
exp718,-0.4936999999999999,23.26244378228239
exp719,-0.2047,105.66527980741076
exp720,-0.4286999999999999,74.89109971537118
exp721,-0.4327,54.856107489216576
exp722,-0.5167,15.579999879932656
exp723,-0.2347,117.71929827559731
exp724,-0.3646999999999999,3.3914459389471676
exp725,-0.6617000000000001,0.4642748091629283
exp726,-0.3686999999999999,112.87733152436199
exp727,-0.4146999999999999,92.64697892570541
exp728,-0.1787,164.80847705789625
exp729,-0.8167000000000001,0.21641258781775422
exp730,-0.6117,2.2049221552462286
exp731,-0.4947,4.06693816699122
exp732,-0.5857,0.9624550441800865
exp733,-0.3886999999999999,18.97800874100966
exp734,-0.5737,5.726081105985685
exp735,-0.6166999999999999,1.4893541898618394
exp736,-0.3497,68.075325407494
exp737,-0.4217000000000001,13.974911481776198
exp738,-0.6417,2.296586802773089
exp739,-0.5176999999999999,8.1893208094571
exp740,-0.4617000000000001,30.298045869725666
exp741,-0.5407000000000001,6.470818049217904
exp742,-0.4607,13.223730707164018
exp743,-0.4146999999999999,19.260436930433613
exp744,-0.6357,1.1564004702751771
exp745,-0.3237,20.583012229360374
exp746,-0.7007,0.40192769095231673
exp747,,84.82808885386352
exp748,-0.5847000000000001,1.1451267810599268
exp749,-0.6197,2.178114655638548
exp750,-0.4417000000000001,95.22863489318044
exp751,-0.3597,65.82847088378696
exp752,-0.1597000000000001,154.67818563761372
exp753,-0.3417,173.229477120687
exp754,-0.4186999999999999,75.43259097739124
exp755,-0.3777,25.834177690819175
exp756,-0.3237,62.71178276762837
exp757,-0.2556999999999999,153.152829355549
exp758,-0.3067000000000001,25.01738749815384
exp759,-0.7107,0.10083823783086661
exp760,-0.4956999999999999,3.2054446344883822
exp761,-0.7987000000000001,0.2986809390085189
exp762,-0.5147,14.048836906521085
exp763,-0.3997,95.07015467431538
exp764,-0.7877,0.6556828427089686
exp765,-0.6547,3.783852853437114
exp766,-0.3897,78.42044496606614
exp767,-0.6486999999999999,4.362303301224257
exp768,-0.3866999999999999,36.968523132940945
exp769,-0.4017,44.68686272348047
exp770,-0.4317000000000001,22.12852143333419
exp771,-0.5607000000000001,3.913510488482843
exp772,-0.4097,70.91821602262841
exp773,-0.4066999999999999,47.83619065725903
exp774,-0.5787000000000001,2.6348454139356328
exp775,-0.6597000000000001,3.2783364925884793
exp776,-0.3517,49.91581536380288
exp777,-0.3906999999999999,25.999960333828128
exp778,-0.4026999999999999,85.02882413462133
exp779,-0.5116999999999999,7.930344726459624
exp780,-0.3247000000000001,76.0180969869479
exp781,-0.4417000000000001,10.142238654949255
exp782,-0.5517,7.590076953973951
exp783,-0.3507000000000001,44.979255110255345
exp784,-0.3617,51.78477151785404
exp785,-0.3007000000000001,37.806336053075775
exp786,-0.7627,0.27251878105208194
exp787,-0.4497000000000001,39.48780339861688
exp788,-0.5797,4.281007723427576
exp789,-0.3207000000000001,92.48876094159718
exp790,-0.3056999999999999,82.68883558066217
exp791,-0.2727,147.41662399858504
exp792,-0.4017,26.497712646935152
exp793,-0.4427,14.7469220152472
exp794,-0.3797,53.84133855521589
exp795,-0.7516999999999999,0.30255947244429315
exp796,-0.3797,39.64302376817797
exp797,-0.3646999999999999,59.37584921391529
exp798,-0.2607,227.84136628518496
exp800,-0.4317000000000001,22.76052103228503
exp801,-0.5196999999999999,1.5024203259802125
exp802,,52.36707102931582
exp803,-0.4257000000000001,62.23433285024169
exp804,-0.4697000000000001,24.9544828055523
exp805,-0.4046999999999999,30.815320204087243
exp806,-0.6107000000000001,0.9178536955778064
exp807,-0.4397000000000001,27.781850931601753
exp808,-0.4337000000000001,35.10240001852067
exp809,-0.3926999999999999,8.612135109955005
exp810,-0.4647,9.723996824351545
exp811,-0.3877,64.40827435621655
exp812,-0.7416999999999999,1.5021549715340985
exp813,-0.3587000000000001,150.40392186872396
exp814,-0.6687,5.755183015033825
exp815,-0.4046999999999999,99.12464130207488
exp816,0.0112999999999998,156.11213954307874
exp817,-0.2736999999999999,131.8098770777199
exp818,-0.4627,18.9184545043418
exp819,-0.4677000000000001,29.265977580098404
exp820,-0.5807000000000001,3.0474094008778496
exp821,-0.2876999999999999,131.0390787018056
exp822,-0.4277000000000001,36.36509292563046
exp823,-0.4567,27.591958605907248
exp824,-0.8177,0.11148350948352104
exp825,-0.8067000000000001,0.08769232447394334
exp826,-0.4367,59.19524994544588
exp827,-0.3737,45.68879092570007
exp828,-0.3217,109.82599592662068
exp829,-0.2347,116.04560754698102
exp830,-0.5637,9.426008438293085
exp831,-0.4117,50.80680135428986
exp832,-0.4066999999999999,53.95434003319534
exp833,-0.5577,10.580615412726107
exp834,-0.4217000000000001,49.089887103696235
exp835,-0.4757000000000001,22.65940059730259
exp836,-0.1677000000000001,127.48214454618328
exp837,-0.3387000000000001,118.29582590963687
exp838,-0.5977,7.950397185329101
exp839,-0.1867000000000001,84.65548322418658
exp840,-0.4677000000000001,19.549449201619538
exp841,-0.4397000000000001,47.53653861773334
exp842,-0.5287000000000001,8.977202061684954
exp843,-0.3187000000000001,120.22394765036123
exp844,-0.5056999999999999,3.9448224035500794
exp845,-0.4876999999999999,6.629356773561431
exp846,-0.4687,18.566154768235233
exp847,-0.4407,33.9156213607213
exp848,-0.4297000000000001,34.815344289897524
exp849,-0.8027000000000001,0.13060806423003773
exp850,-0.3917,59.02229708078068
exp851,-0.4497000000000001,23.757586407430672
exp852,-0.5257,20.539314876305298
exp853,-0.4747,27.051643783261532
exp854,-0.7917,0.09989397206760656
exp855,-0.4006999999999999,70.31255320285433
exp856,-0.4357000000000001,26.143953438768506
exp857,-0.4947,25.667250438309786
exp858,-0.5307000000000001,19.41728017143599
exp859,-0.3797,22.063408814506474
exp860,-0.6366999999999999,2.8211451144198545
exp861,-0.3427000000000001,101.92112812061293
exp862,-0.3107000000000001,54.24725263947216
exp863,-0.3357,23.888512083164056
exp864,-0.5677,3.6774219837786064
exp865,-0.3917,46.81123525934461
exp866,-0.4177,9.969814690660726
exp867,-0.3926999999999999,20.255369794452108
exp868,-0.6737000000000001,0.2781091468097166
exp869,-0.5277,1.4251904720227526
exp870,-0.2976999999999999,56.73802527431427
exp871,-0.4876999999999999,3.738516985281129
exp872,-0.6937000000000001,0.5365977806072408
exp873,-0.3157,13.547208492431729
exp874,-0.3497,57.78594972414807
exp875,-0.4787,9.765237941993528
exp876,-0.3697,66.6799281495937
exp877,-0.0007000000000001,46.68567544928934
exp878,-0.5997,3.54738654983157
exp879,-0.5457,1.6262329291491835
exp880,-0.2747,35.27420899709166
exp881,-0.4197000000000001,7.618400568349163
exp882,-0.3317,23.710229523132035
exp883,-0.3886999999999999,5.002398539245344
exp884,-0.7496999999999999,0.16799227828237387
exp885,-0.0137,49.38232497463751
exp886,-0.3746999999999999,110.13942071642333
exp887,-0.3537,69.68801942742866
exp888,-0.4817000000000001,6.175434558551901
exp889,-0.3977,26.39012043900728
exp890,-0.3377,65.48513143804175
exp891,-0.2507,22.331053745582185
exp892,-0.4487,4.616647866288335
exp893,-0.3007000000000001,44.44081210121821
exp894,-0.3107000000000001,103.91460961381682
exp895,-0.2347,72.98534569514128
exp896,-0.3487000000000001,78.18242623270055
exp897,-0.4837000000000001,3.8162181383945404
exp898,-0.3806999999999999,6.321038689156598
exp899,-0.3107000000000001,13.793179178306032
exp900,-0.3917,4.142207047522737
exp901,-0.2967000000000001,121.39141678748467
exp902,-0.3737,80.4635159560323
exp903,-0.3497,15.224267310008463
exp904,-0.5457,0.5564573884195566
exp905,-0.2567,51.13978343140059
exp906,-0.7496999999999999,0.18175386097568896
exp907,-0.3746999999999999,22.30560521882469
exp908,-0.2567,57.09837019190687
exp909,-0.3457,54.9496782759775
exp910,-0.2887,22.303691809358074
exp911,-0.7727,0.16129036268885327
exp912,-0.5327000000000001,2.2908205317491332
exp913,-0.4017,2.7400737021273267
exp914,-0.3666999999999999,51.65376084188919
exp915,-0.5657,8.778986404810684
exp916,-0.3467000000000001,24.891973273601465
exp917,-0.3447000000000001,18.15046927438714
exp918,-0.3257,12.407847485053978
exp919,-0.3517,6.417815612309194
exp920,-0.7576999999999999,0.17081661895336958
exp921,-0.3726999999999999,6.85544970316974
exp922,-0.3247000000000001,23.02225754301346
exp923,-0.4907,1.449227868341201
exp924,-0.3537,4.353637437196687
exp925,-0.3097,11.918409098845807
exp926,-0.3327000000000001,9.50720337219863
exp927,-0.3906999999999999,4.10084032847486
exp928,-0.3826999999999999,2.870097742426314
exp929,-0.3257,9.590299688942286
exp930,-0.3646999999999999,4.671394526032654
exp931,-0.3447000000000001,17.80220759183167
exp932,-0.2807,22.415904774551713
exp933,-0.4146999999999999,1.2290640756259488
exp934,-0.3197,8.255312457274663
exp935,-0.5597,0.31804824175660235
exp936,-0.5216999999999999,7.945854736787239
exp937,-0.4137,1.1532001844313284
exp938,-0.3177,9.01409767812997
exp939,-0.3917,3.0016817178249453
exp940,-0.7787000000000001,0.13828338619809655
exp941,-0.3917,2.844770024508488
exp942,-0.5307000000000001,3.385298523268101
exp943,-0.6707,0.48776011089260546
exp944,-0.8087000000000001,0.11876850857999562
exp945,-0.3677,9.061272987466003
exp946,-0.4226999999999999,2.2623778266240335
exp947,-0.7757,0.1251058780742675
exp948,-0.3267000000000001,10.411660452566496
exp949,-0.7987000000000001,0.1347883394450711
exp950,-0.4257000000000001,3.0844148846433668
exp951,-0.4717000000000001,3.9381242044560425
exp952,-0.8497,0.10018973037312606
exp953,-0.3447000000000001,4.538343121105468
exp954,-0.2756999999999999,74.89181407901894
exp955,-0.3906999999999999,2.6492238270323187
exp956,-0.4257000000000001,1.9911238218889893
exp957,-0.4437000000000001,4.797205810177082
exp958,-0.7307,0.263279255887648
exp959,-0.3497,7.648315947697949
exp960,-0.4026999999999999,1.958850771225321
exp961,-0.5767000000000001,1.2666222055774865
exp962,-0.4867,1.375821912564331
exp963,-0.4817000000000001,1.27112889976665
exp964,-0.4557000000000001,9.431940911897364
exp965,-0.7587,0.1499026275778868
exp966,-0.4106999999999999,1.5897920006446702
exp967,-0.3946999999999999,2.104400013382652
exp968,-0.5036999999999999,1.3374087797522172
exp969,-0.3886999999999999,2.6092111435871375
exp970,-0.7917,0.1409231868452114
exp971,-0.5307000000000001,0.477155020838753
exp972,-0.4417000000000001,0.3834166751108518
exp973,-0.8427000000000001,0.12409074472438414
exp974,-0.7107,0.2908115181075611
exp975,-0.8617,0.11953255576731338
exp976,-0.3587000000000001,5.237338094011838
exp977,-0.8547000000000001,0.12008876201621942
exp978,-0.4337000000000001,1.1942512632578426
exp979,-0.8507000000000001,0.10361178362947654
exp980,-0.7957,0.1665980212935387
exp981,-0.8377,0.11292930916592661
exp982,-0.4457000000000001,8.161233296788751
exp983,-0.3806999999999999,31.16731520532131
exp984,-0.3567000000000001,33.796611994038514
exp985,-0.8117,0.1150360977762412
exp986,-0.5477,2.5663672290266617
exp987,-0.5427000000000001,1.8982946169350634
exp988,-0.5317,4.875943423560169
exp989,-0.8697,0.11522582552702129
exp990,-0.3706999999999999,63.67267240594919
exp991,-0.4257000000000001,14.448744910589664
exp992,-0.4976999999999999,23.24607807281575
exp993,-0.4467,4.533879071713307
exp994,-0.1687,78.97508051920462
exp995,-0.3866999999999999,80.50561729410227
exp996,-0.3886999999999999,47.33199550745566
exp997,-0.7817,0.126100196314274
exp998,-0.3957,102.94849155700062
exp999,-0.3826999999999999,7.042699787625385
exp1000,-0.5397,3.8411073817139014
exp1001,-0.3557,71.24698244995972
exp1002,-0.4157,97.33815074496445
exp1003,-0.4197000000000001,52.01093091040932
exp1004,-0.3937,27.006241904287464
exp1005,-0.3957,116.64502194548179
exp1006,-0.4817000000000001,14.659993906152561
exp1007,-0.5767000000000001,2.197372091066128
exp1008,-0.4527,9.951980737833503
exp1009,-0.4277000000000001,46.01599479558412
exp1010,-0.4226999999999999,47.278503234106424
exp1011,-0.3866999999999999,82.98855634377924
exp1012,-0.3267000000000001,28.28428006595704
exp1013,-0.4397000000000001,8.303335146578165
exp1014,-0.4437000000000001,4.698992292686298
exp1015,-0.4457000000000001,69.8637248527822
exp1016,-0.3317,46.88739998806073
exp1017,-0.5047,7.211170427316986
exp1018,-0.4106999999999999,4.903372094008582
exp1019,-0.6627,0.5577903638585113
exp1020,-0.4166999999999999,68.08306766262304
exp1021,-0.4887,8.19317611251045
exp1022,-0.5997,5.821587546954636
exp1023,-0.4257000000000001,50.44353477980378
exp1024,-0.3977,61.70059017315524
exp1025,-0.4006999999999999,18.975390191324685
exp1026,-0.4657000000000001,7.254997089234891
exp1027,-0.3717,27.789930474883516
exp1028,-0.4046999999999999,19.343318757231405
exp1029,-0.3427000000000001,105.94045630155233
exp1030,-0.5467000000000001,3.0237036501435126
exp1031,-0.4066999999999999,120.17952146553384
exp1032,-0.3946999999999999,20.558965935145373
exp1033,-0.4206999999999999,81.64651391204535
exp1034,-0.3427000000000001,20.906289088548945
exp1035,-0.4487,34.582175995274326
exp1036,-0.6577000000000001,0.5030071268869086
exp1037,-0.4547,14.778310882651713
exp1038,-0.8267000000000001,0.10105102415508219
exp1039,-0.1367,162.87759733093696
exp1040,-0.4557000000000001,12.205684200406814
exp1041,-0.4437000000000001,2.0509782721404504
exp1042,-0.4447,6.489842728692405
exp1043,-0.4327,17.078646195634104
exp1044,-0.5697,0.4859476618073491
exp1045,-0.3846999999999999,6.354580956043017
exp1046,-0.5547000000000001,5.588220586896739
exp1047,-0.3517,14.824597758716974
exp1048,-0.5367000000000001,0.21168177333733207
exp1049,-0.3757,8.414166134603647
exp1050,-0.6827,2.1247032229350564
exp1051,-0.5947000000000001,0.29599882904404257
exp1052,-0.6077,15.571124589802789
exp1053,-0.7897,0.09935532379205837
exp1054,-0.4437000000000001,80.85426473302749
exp1055,-0.2027,160.65218275924008
exp1056,-0.5727000000000001,2.522172986320395
exp1057,-0.5527000000000001,0.18995681735951514
exp1058,-0.7527,0.11787311252430596
exp1059,-0.4896999999999999,8.415928623446456
exp1060,-0.4647,25.505766275093105
exp1061,-0.5136999999999999,4.969040740946438
exp1062,-0.4066999999999999,2.433965533315809
exp1063,-0.5227,4.545110767197158
exp1064,-0.8407000000000001,0.09405484499416304
exp1065,-0.4896999999999999,22.73355425671162
exp1066,-0.1937000000000001,90.64909369710342
exp1067,-0.7217000000000001,0.08876829176610888
exp1068,-0.5297,0.3963822668064485
exp1069,-0.3957,43.720060776503814
exp1070,-0.5447000000000001,0.16873537924242543
exp1071,-0.3826999999999999,106.94269764824186
exp1072,-0.5607000000000001,2.49917680666755
exp1073,-0.6257,0.10790689867855928
exp1074,-0.4887,11.99872871121841
exp1075,-0.7947000000000001,0.09710145222796267
exp1076,-0.7777,0.10489124418863727
exp1077,-0.4317000000000001,20.57034176931965
exp1078,-0.4377000000000001,30.666425117710915
exp1079,-0.7616999999999999,0.11585084850590374
exp1080,-0.4387,31.463247128332053
exp1081,-0.6947,2.7214057523478035
exp1082,-0.5387000000000001,0.36939924172071015
exp1083,-0.5827000000000001,0.2776257577272194
exp1084,-0.3417,22.744348110577473
exp1085,-0.1357000000000001,165.86533738313136
exp1086,-0.4306999999999999,45.462525734984304
exp1087,-0.8227000000000001,0.10114887388966425
exp1088,-0.6627,4.4063001444567185
exp1089,-0.3666999999999999,7.469693296314141
exp1090,-0.3946999999999999,92.95384784658886
exp1091,-0.4197000000000001,40.41118804117345
exp1092,-0.4177,43.3126374860094
exp1093,-0.3387000000000001,23.48193318858645
exp1094,-0.6317,1.687133786505915
exp1095,-0.5027,18.79478097601969
exp1096,-0.5497,0.42020595988328563
exp1097,-0.6617000000000001,3.8231066837516803
exp1098,-0.5537,3.719524226106326
exp1099,-0.7837,0.136475901488063
exp1100,-0.3877,30.27415628338427
exp1101,-0.6887,0.5132251493971971
exp1102,-0.6937000000000001,0.7694997893988126
exp1103,-0.3277,41.66469821050757
exp1104,-0.5236999999999999,2.480808799194307
exp1105,-0.3507000000000001,20.04626741643779
exp1106,-0.3287000000000001,14.924224902398274
exp1107,-0.5447000000000001,2.873560145473408
exp1108,-0.2827,56.06623227443041
exp1109,-0.3277,39.589114631991315
exp1110,-0.7257000000000001,0.7525115707898925
exp1111,-0.5487000000000001,1.6489205760468233
exp1112,-0.7917,0.44743013243431046
exp1113,-0.3937,124.45849641746764
exp1114,-0.8826999999999999,0.40954486010242036
exp1115,-0.5977,6.145238678439154
exp1116,-0.8247000000000001,1.0023691002289923
exp1117,-0.3307000000000001,30.850219128923946
exp1118,-0.5597,2.4828540494455287
exp1119,-0.7556999999999999,1.0197311390049684
exp1120,-0.7407,0.1884309004376292
exp1121,-0.5087,2.3781657749586254
exp1122,-0.6597000000000001,0.8726376144502009
exp1123,-0.5817,2.049995072654133
exp1124,-0.4217000000000001,28.99809935051496
exp1125,-0.3786999999999999,41.17384990556576
exp1126,-0.5917,3.514171081707545
exp1127,-0.4737000000000001,7.547813030354818
exp1128,-0.6707,1.7750778292186244
exp1129,-0.7967000000000001,0.41980088856727876
exp1130,-0.4517000000000001,3.7550950144750126
exp1131,-0.8757,0.17431982211158834
exp1132,-0.7817,0.32530699024967136
exp1133,-0.3267000000000001,41.53564886967177
exp1134,-0.5587000000000001,0.9496800609823459
exp1135,-0.3617,91.86633679957673
exp1136,-0.4327,2.832344256623554
exp1137,-0.4417000000000001,2.8734512728364527
exp1138,-0.5297,0.7276082391342863
exp1139,-0.3926999999999999,42.08872186536305
exp1140,-0.3537,7.773121335485739
exp1141,-0.4587,1.499929312812793
exp1142,-0.6137,3.428365879926507
exp1143,-0.6486999999999999,0.7765676762018456
exp1144,-0.4747,5.284986872722505
exp1145,-0.3786999999999999,21.672084025304212
exp1146,-0.4777000000000001,4.98262929391318
exp1147,-0.3297,32.18407079366901
exp1148,-0.6237,1.3959874488694297
exp1149,-0.5467000000000001,5.4088137631644315
exp1150,-0.6707,0.7142531383991201
exp1151,-0.4657000000000001,14.265061942232236
exp1152,-0.8726999999999999,0.10572904354490577
exp1153,-0.2896999999999999,82.49549170301394
exp1154,-0.5136999999999999,1.0639925771070196
exp1155,-0.4206999999999999,58.35827436801715
exp1156,-0.5577,1.4327710729881513
exp1157,-0.3147000000000001,34.773116355738125
exp1158,-0.4876999999999999,1.7960637805241344
exp1159,-0.8527000000000001,0.11398213469294052
exp1160,-0.3287000000000001,143.8208682478679
exp1161,-0.3766999999999999,21.729648442722823
exp1162,-0.3477,47.71542703047927
exp1163,-0.4066999999999999,10.075971660637068
exp1164,-0.3357,133.007949915216
exp1165,-0.8297,0.21781522727622954
exp1166,-0.5867000000000001,2.513021264586585
exp1167,-0.5367000000000001,2.6199557154038535
exp1168,-0.6117,3.2144183078649253
exp1169,-0.6637000000000001,1.3688102977230692
exp1170,-0.6386999999999999,0.6495871867453595
exp1171,-0.5377,2.8490912915968827
exp1172,-0.5016999999999999,14.007014893679987
exp1173,-0.5297,1.463744316388309
exp1174,-0.9227,0.4883031719461337
exp1175,-0.3637,113.12006415354492
exp1176,-0.7327,0.24215432920362015
exp1177,-0.3926999999999999,107.21453019710582
exp1178,-0.3797,5.238860411987743
exp1179,-0.4017,23.046834274843384
exp1180,-0.7827000000000001,0.2756547741676272
exp1181,-0.3347000000000001,24.83699711323209
exp1182,-0.4317000000000001,23.02281637432269
exp1183,-0.4697000000000001,8.604177731899597
exp1184,-0.5497,4.436397279619681
exp1185,-0.7767000000000001,2.7292721620703433
exp1186,-0.5267000000000001,1.7610251207324092
exp1187,-0.3946999999999999,131.7793764627347
exp1188,-0.3646999999999999,31.07127036926897
exp1189,-0.4037,17.39676317906729
exp1190,-0.7277000000000001,0.37651497280298785
exp1191,-0.4086999999999999,8.752323098148917
exp1192,-0.4106999999999999,103.25570409584128
exp1193,-0.6657000000000001,4.238904034287399
exp1194,-0.8387000000000001,0.24760906714505562
exp1195,-0.8357,0.13559187376120732
exp1196,-0.9027,0.13010791744232472
exp1197,-0.9187,0.11140667469978335
exp1198,,0.1184893614899367
exp1199,-0.5647000000000001,5.459684231500625
exp1200,-0.5007,6.755376217847257
exp1201,-0.3317,45.134611118483676
exp1202,-0.6917000000000001,3.2374965941243676
exp1203,-0.3347000000000001,102.4500438696594
exp1204,-0.3277,52.291317737890544
exp1205,-0.3447000000000001,40.83226381565979
exp1206,-0.5777,8.75894823321417
exp1207,-0.5167,5.575877377747306
exp1208,-0.3217,52.16735394282043
exp1209,-0.2927,99.8227111288446
exp1210,-0.3726999999999999,36.11640485469563
exp1211,-0.2916999999999999,83.96662868847282
exp1212,-0.2936999999999999,78.73566922885487
exp1213,-0.3387000000000001,37.04540855510927
exp1214,-0.3946999999999999,26.521321913364133
exp1215,-0.2867,200.83039059140904
exp1216,-0.4916999999999999,23.81111485109115
exp1217,-0.5036999999999999,19.96376130874842
exp1218,-0.2576999999999999,136.51133754202212
exp1219,-0.3247000000000001,61.19605683094137
exp1220,-0.3067000000000001,89.68841113381467
exp1221,-0.3977,30.8638001765511
exp1222,-0.3016999999999999,93.40679689937352
exp1223,-0.2976999999999999,83.82727080892272
exp1224,-0.4077,42.669816001201525
exp1225,-0.6457,6.778859159464124
exp1226,-0.3457,37.84556637268804
exp1227,-0.3497,45.01423089700342
exp1228,-0.3257,52.62618609673438
exp1229,-0.3056999999999999,95.8892250434037
exp1230,-0.5737,21.34952984893493
exp1231,-0.3467000000000001,36.50706320591263
exp1232,-0.4197000000000001,27.822972958493857
exp1233,-0.3357,47.14681707757844
exp1234,-0.4177,25.39188676280733
exp1235,-0.3217,63.69928923376097
exp1236,-0.3007000000000001,69.1279782212696
exp1237,-0.2807,85.0412486365454
exp1238,-0.2607,103.66478127381889
exp1239,-0.5677,16.005200878420236
exp1240,-0.5927000000000001,1.160555182122713
exp1241,-0.3497,40.90111671595101
exp1242,-0.3227000000000001,63.169757685165045
exp1243,-0.2856999999999999,76.946513824061
exp1244,-0.3806999999999999,36.05666416007311
exp1245,-0.4357000000000001,33.98076137855982
exp1246,-0.4597000000000001,22.167922024686774
exp1247,-0.4017,30.940444161891612
exp1248,-0.3307000000000001,55.143222898853296
exp1249,-0.4967,30.267454828962183
exp1250,-0.3197,63.908274058263615
exp1251,-0.3277,47.37359226968324
exp1252,-0.5297,15.053819510676615
exp1253,-0.3307000000000001,65.16328800828911
exp1254,-0.5417,17.071536920952386
exp1255,-0.3347000000000001,44.228586416825
exp1256,-0.3097,72.31758206793376
exp1257,-0.5567000000000001,4.235029832246404
exp1258,-0.2976999999999999,81.78037752131225
