Experiment,Tafel Slope (mV/dec),Exchange Current Density (mA/cm²),R²
exp715,16.18133014179425,9.663589588691296e+16,0.022668262479344937
exp501,119.59860687367697,0.0028368013774180156,0.9904491833960152
exp590,182.5004608346539,0.0008725096101968519,0.9970673150132046
exp502,145.0886378846326,0.03670021586673973,0.9956222204207603
exp503,149.13484235712957,0.00010247255328576027,0.9993165782464795
exp504,138.66383538750407,0.0001461271242777346,0.9975949759672573
exp506,150.71534124661474,0.0016506357286747012,0.9991972388154554
exp507,351.4179439327285,2.7946906389717965,0.6589351126244078
exp508,115.69331554904568,2.67758913244818e-05,0.9981368219322071
exp509,244.0813772562628,0.08903590152406154,0.9997603767663924
exp510,160.3000823699975,0.002968514717664045,0.9861926750645322
exp511,173.26748340500492,0.00018168464142028447,0.9963211236193493
exp512,85.84427175971794,0.0021454966372229005,0.998169815367377
exp514,123.69754098346857,1.5817805598556143,0.13073659923348294
exp515,114.56098809488707,8.351385458657788e-05,0.9994825091626189
exp516,326.63149805856204,2.023091279269541,0.5947007213207604
exp517,114.54986488217435,5.163064681240956e-06,0.9974001639988059
exp518,71.45937114945129,0.01642397033276214,0.990874493245036
exp519,121.13046512277286,1.3495050663545482e-05,0.9918151248046899
exp520,133.50174018498817,6.441055852000328e-05,0.9991811751234468
exp521,129.25209117608168,1.5668109757996453e-05,0.9976870878641346
exp522,145.66198459647566,0.05643101442183624,0.9941673502485354
exp523,107.2720797668353,3.6121312867743667e-06,0.9980059538306743
exp524,121.91748359981435,0.0001780097780776221,0.9992559162386041
exp525,115.51096490216175,0.007817994737796811,0.996907864939762
exp526,111.27567926997439,3.90052593125629e-05,0.9982719153615697
exp527,106.44195314328277,2.935139999228475e-06,0.998310919990089
exp528,167.258377784215,0.0017575603905228491,0.99381597503614
exp529,401.89911579664437,2.825543659386945,0.5624651035229176
exp530,172.35302743742324,0.001228961276238393,0.9978976275658068
exp531,130.05515704295735,0.014624150680109095,0.9951126559767244
exp532,206.21501465868496,0.031004259019639626,0.9993665016104702
exp533,190.75025051639858,0.28910121334351685,0.9844122446383614
exp534,172.13516991941813,0.005024996489733654,0.9834328218250608
exp535,93.62704429634047,5.425772537070675e-06,0.9966751633088126
exp536,323.6626621763771,1.027785825072267,0.5417617451850681
exp537,193.04964636458945,0.051748541244221916,0.9974580793939046
exp538,159.93983236465112,0.1032942342185085,0.9885504450330382
exp539,69.43944883856042,0.020372123828410214,0.01816876431133145
exp540,96.88901155488192,8.131908111872701e-06,0.998515782301919
exp541,76.6775074603342,2.9433813950665748e-08,0.9995681312805286
exp542,71.22354402559563,1.806571262108807e-08,0.9970050373096527
exp543,115.98871000727978,7.046541908080144e-05,0.9995371613846945
exp544,127.34727992101796,0.0013041220042348878,0.9989544334191265
exp545,201.57367080933383,0.009711242243700985,0.9981481384836429
exp546,114.35159502848657,0.011814444780000483,0.989299863094262
exp547,102.16295514413589,7.825199876645903e-07,0.9982333494139033
exp551,53.16999003646983,12145.316920129862,0.024207598571226424
exp552,168.7696101289459,0.12573554109336776,0.9911743309506281
exp553,230.0891908315453,0.2179967901382989,0.9857596852533449
exp554,82.1875959675276,5.7435492788896195e-08,0.9993801055770002
exp555,283.3877992961959,0.5577836413278391,0.629867643859357
exp556,123.84267980910687,1.0674374861644182e-05,0.9995658302078804
exp557,177.48430398427416,0.008584566830534006,0.9951704439700962
exp558,208.87210240406282,0.09862326084489503,0.9984783717190544
exp559,85.57517494287065,0.0014845586927395616,0.9926229365760918
exp560,98.69661003884494,1.5481650136754686e-07,0.9991865673841657
exp561,92.15206984673345,2.7010100834852965e-08,0.9976380805490866
exp562,321.53862318436677,1.242731006371515,0.5688462947224068
exp563,128.7526623694703,0.03078575912977195,0.9940481642605853
exp564,93.6495410873996,0.020498483540268477,0.9920431365100333
exp565,307.69211442735514,1.1758816460563963,0.7755421642390107
exp566,311.013018789787,2.4511412981636864,0.6224704778958682
exp567,213.38582285359837,0.11002833094806856,0.9973831100946492
exp1,145.38450028712455,0.005167429941993876,0.9953919249418447
exp2,122.99929377423348,2.8993563925205054e-05,0.9994483604965363
exp3,181.32822227852262,0.013863916292355128,0.9974528293607158
exp4,32.137228918303656,3.763451002254616e-07,0.0017609982025137308
exp5,160.56061483425344,0.001949254834984477,0.9972890841910264
exp6,117.9272011144235,0.00031554760673091264,0.9972187211446857
exp7,117.80885780097634,0.0017282130993481796,0.9979754035750605
exp8,171.7832145677785,0.2565167072696652,0.4635006683105982
exp9,105.2707081258113,0.021982151149337652,0.9957933301838501
exp10,142.75527636295612,3.662166905684035e-05,0.9999758775198552
exp11,106.74361830904127,0.0006423050657741152,0.9987713625029488
exp12,123.55004920645821,0.0183258859052541,0.9937715836641442
exp13,132.9472152683216,0.0001047538543624147,0.9979572626640609
exp14,100.4716263586016,1.1239582494563454e-06,0.998674147640742
exp15,134.76943153218363,0.0005156501122132372,0.9988592868244299
exp16,187.71172508876614,0.002733020502334394,0.9942234827179655
exp17,125.08036699507383,6.609746803647884e-05,0.9996590621935282
exp18,184.4302415315144,0.03167818950970336,0.9991860214637002
exp19,160.85432428050567,0.007251560376253282,0.9995978668248441
exp20,159.24163380691795,0.0011248896190384353,0.9995712651332278
exp21,122.69621716483564,2.733367242699397e-05,0.9991846581496806
exp22,69.78361689597577,13399.189623190032,0.02429475284111928
exp23,188.00494742049042,0.016042687443319627,0.9999624209904038
exp24,101.64294437742714,0.019492824108146845,0.9937899675775802
exp25,124.80125899167514,8.111054801532796e-06,0.9987576653942964
exp26,98.95387159636331,8.820502489454467e-06,0.9985539420144208
exp27,82.38704427230417,0.013904813913333106,0.008734899631237632
exp28,152.6084305476799,0.0007843897415372505,0.9996841715561816
exp29,105.09596639654023,3.293667068635313e-05,0.9998374005476727
exp30,118.74623742995499,0.00011638429085490136,0.996565769638678
exp31,138.04813008743938,0.00019970894084764685,0.9979895425512917
exp32,188.2995908726549,0.020854369689209905,0.9941906499001215
exp33,134.79641520707804,2.385704250622445e-05,0.9994766022738493
exp34,210.7362805037925,0.07146509201074205,0.9991006874148076
exp35,119.33496641815421,0.0001644002232185989,0.9990862817159442
exp36,125.07673956876073,8.042792683789095e-06,0.9990516384440673
exp37,146.73448834265685,0.00041211151523618385,0.9965425603779856
exp38,117.02474857984987,0.0005265756089635224,0.9987564125581699
exp39,122.41776886084254,0.021883460474752047,0.9930414011790468
exp40,133.11919325481227,0.0020480368520459087,0.9983670041928888
exp41,130.38809944512624,0.011271772424315072,0.9972979566795672
exp42,156.58933093262615,0.0007627539606292859,0.9978843961903938
exp43,153.0709741207512,0.05966886715081836,0.9875934993266929
exp44,358.1962053533785,2.1699777900742805,0.4011251430545115
exp45,399.878059695433,3.210926423688688,0.4973524689562471
exp46,142.88147147299475,0.00017497011093109866,0.999575692065471
exp47,159.74898337005334,0.002343939104068485,0.990323145066545
exp48,130.25405339341256,3.938214507577711e-05,0.9995199504422002
exp49,124.97720625928969,0.0001378376285610537,0.9979149793203681
exp50,100.92745620817044,1.217953206538913e-05,0.9960418356227976
exp51,109.3260593175331,1.0361040727885772e-06,0.999861577998282
exp52,112.40817328623666,0.0055567214522244885,0.9968014070433437
exp53,141.34642661150963,0.001153972388375761,0.9995556022236474
exp54,118.6173716029403,8.538188368614499e-05,0.9983879316493836
exp55,129.20429660822433,0.0002781285133240063,0.9989024987827911
exp56,127.7863908026031,0.00036384909829288795,0.9999235602870489
exp57,138.57979526092947,3.345536697227652e-05,0.9985453012711116
exp58,154.20020829256828,0.0007100529586379129,0.9997077533800927
exp59,59.62540867312936,251380.05682464983,0.08669580471601009
exp60,151.74586279143693,0.004187048225971243,0.9997179643286322
exp61,136.57809672739364,0.00012159339122651112,0.9986247920197516
exp62,139.3759292615743,0.00014487015717306313,0.9993161420017235
exp63,143.13358742114215,0.0002323314421786724,0.9989131300117191
exp64,172.73030826454138,0.009348469810861664,0.999987382467292
exp65,134.6728093973938,0.0003637255818117269,0.9989272141460206
exp66,186.199421473313,0.001682727244142489,0.9959341104030549
exp67,231.2699607582911,1.773820319558909,0.13636748717407293
exp68,140.0479369465395,0.00021444831803351283,0.998973106600983
exp69,127.83232168019326,0.02428361355781391,0.9939300965113765
exp70,151.6827418300113,0.00039404931502342336,0.9987780967536063
exp71,152.3583755673241,0.01302201856838523,0.993913905472075
exp72,102.53825006368366,0.003193432423885362,0.9992083955297725
exp73,155.87396319062074,0.00022370450394001995,0.9989526782823167
exp74,208.3255767241571,0.0009505537870787744,0.999412427446394
exp75,110.5595806218137,2.362318666372778e-06,0.999512710717015
exp76,136.22180007117254,8.936970269349709e-05,0.9952169117156312
exp77,135.69747972473814,0.022431804100297555,0.9952776338098281
exp78,145.58812783623392,0.004556594484236356,0.9940577916184409
exp79,186.1009077329821,0.02093159984220276,0.9903523701988107
exp80,124.21300853185933,6.888550949928248e-06,0.9992441841365574
exp81,125.85328257416629,0.00019108945684102044,0.9976206455379759
exp82,142.64009087870224,0.029177706489142943,0.9952198299953897
exp83,197.1488416388282,0.002263769061846934,0.9982773319549185
exp84,155.9506877225995,0.002383436206159983,0.9999693181846179
exp85,130.46561060264222,0.0017079418420528746,0.9966049640405263
exp86,110.52490587461575,3.7368601700776896e-05,0.9970670872583656
exp87,108.53828875147818,0.005630036207502207,0.995420702304996
exp88,171.6603820251704,0.0002184179871860887,0.9982206858078184
exp89,128.52292940319458,0.0001127920074324664,0.9985328859452111
exp90,171.43342493897234,0.003919038610038358,0.9999495340911331
exp91,177.67941348044107,0.032205933903608194,0.9996089050253857
exp95,93.8749014945385,1.4868968877006107e-06,0.9971703344318334
exp96,100.03898387629633,2.559785405368556e-06,0.9941781824133469
exp97,215.72859971719282,0.0034701083872312748,0.9989158145979611
exp98,166.7960830776281,0.005950409812811609,0.9974884004755113
exp99,134.37248559976268,0.0005956224314251742,0.9997947355517853
exp100,243.02733575171325,0.013682567121879504,0.9989306081595467
exp101,253.43457268374004,0.03021826653461905,0.9947274760122196
exp102,114.71045718109488,8.620458388020653e-05,0.9953128682344032
exp103,442.73002714408346,3.161398368669181,0.5059556274754833
exp104,276.3808603761328,0.2654643284920869,0.9965308402681132
exp105,140.95079016015382,0.02541746302426522,0.9937801835322615
exp106,158.45456101157373,0.000685833696648237,0.9842835011172542
exp107,178.63341151953875,0.144713834042844,0.9951636890927207
exp108,201.0301938710059,0.09989101991053263,0.9990499209517342
exp109,193.52399824505645,0.0749955519975708,0.9970662423847062
exp110,118.87395256475867,3.682745067038466e-06,0.9987703883404808
exp111,89.6299503742522,0.010123486546825263,0.9859186249266109
exp112,206.1343189920719,0.15109936796594856,0.9989202851472901
exp113,102.98433056170504,3.4227675471090726e-06,0.9982411733263944
exp114,112.45574285786032,4.965804751194904e-06,0.9980555339053644
exp115,139.89390950151787,0.0016885180221222931,0.9990544505639758
exp116,156.74605109956102,0.07138348202151695,0.9878483512292227
exp117,164.20879143172084,0.06479420037521907,0.9961482108372367
exp118,122.71131406842044,3.1840879321935625e-05,0.9990023409495131
exp119,184.33585077233522,0.036591799311421105,0.9992991664880383
exp120,120.85013879236105,1.1171966899405495e-05,0.9990736902095204
exp121,150.11873606786756,9.728977640656887e-05,0.9996489531650191
exp122,189.37127123133567,0.0008216672519018382,0.998480540172592
exp123,101.86232550083807,2.743134810041353e-05,0.9982519632083161
exp124,204.2089742951087,0.6869495059270018,0.5334664181423708
exp125,184.1863709705271,0.009481638510366949,0.9981377910860394
exp126,138.4737621780313,0.0004531491839442911,0.9999352110042136
exp127,322.3520348115118,2.3929588340460244,0.6265582172930864
exp128,108.0925571311687,0.03912739771893578,0.993538138582352
exp129,195.6635709033357,0.06875038180098211,0.9967905987209965
exp130,165.80148896380297,0.0074525117430015355,0.9944481979005266
exp131,164.66093650194014,0.0016584764040363034,0.9946244737262
exp132,162.16421777635065,0.09899590991768775,0.9932564058601703
exp133,127.74143453397957,0.0008309499407862744,0.9985636908499578
exp134,146.20567086017053,0.0029384110604135046,0.9913689830056923
exp135,128.9689751900646,3.0880208660543924e-05,0.996482388633807
exp136,110.78865754346778,0.08792387391049786,0.9843642859796248
exp137,338.99124698218833,0.6216584196925442,0.4659562351111367
exp138,143.76613629895596,0.0007181320831670353,0.9972207692454262
exp139,360.22587635823913,2.396555526906669,0.807035269114325
exp140,179.6983057673415,0.04430685707924577,0.9972961086311706
exp141,164.71856678570387,0.008498469508420769,0.9980433983533659
exp142,144.18144756414335,6.452531021256252e-05,0.9980342690735717
exp143,138.80842060141612,0.00027850126317503174,0.9979269544040763
exp144,155.33390899571913,0.002919603538150699,0.9994444333249268
exp145,80.1007130705923,1.784381382708446e-07,0.9974482872230616
exp146,123.64388724033579,9.669855894106803e-05,0.9989060507402988
exp147,148.30562163278947,0.000899131276551587,0.9974122532499737
exp148,127.07574993566124,7.820593213909055e-05,0.9976569325983822
exp149,190.36788282762785,0.026888793715883177,0.999623366425022
exp150,115.50740087223613,0.2307152158887449,0.9921435729647133
exp151,156.03805565611054,0.0035722193280478113,0.9995460302801856
exp152,103.00517058624861,1.2417574263234997e-05,0.9969132839085003
exp153,126.80893431808943,0.16375636918976175,0.9849382612743602
exp154,134.02268782574671,0.19055500347821538,0.992751139547392
exp155,119.944797867019,0.00019218547335442376,0.9972647939350051
exp156,102.24247179189767,0.21369208934786074,0.027720637601959183
exp157,52.18633608379031,0.018536503121353798,0.01004002516348438
exp158,158.75305998561367,0.0014538353550207126,0.9998811706158253
exp159,133.093689299977,0.00302832830618635,0.9987493980548822
exp160,134.02734174875894,0.0060375529408039945,0.9992691130162261
exp161,134.90161895013307,0.09744191912360235,0.9970357414858888
exp162,139.03311942473937,0.23470531015693818,0.9943786627335591
exp163,181.20960808948982,0.010871395846408283,0.9974970112046863
exp164,169.03830795531962,0.02005438104250283,0.9888801242676548
exp165,118.66355306155434,0.010320063971968173,0.9971518707225288
exp166,144.7146078131183,0.005742817658678957,0.9964306107816325
exp167,175.76050943237752,0.016488944575998653,0.9974115048758969
exp168,276.3530754733043,1.6662857525439467,0.5503938753037534
exp169,100.44383952779957,0.12139646926820893,0.9976550271360342
exp170,92.47474076543593,0.011193527205586631,0.9954451717576037
exp171,128.371528478134,0.12179931696325345,0.9947255657928189
exp172,218.6025038091879,0.017090145860162973,0.9941680097799716
exp173,194.58365432370212,0.047200351506104465,0.9987237186942033
exp174,137.5993791292479,0.018355739686904,0.9970457338899926
exp175,145.71868632451628,0.00026421205007732396,0.999335731505761
exp176,176.82956284508694,0.0010176919171015744,0.9939274894679551
exp177,172.70018177255318,0.0027938284667000752,0.9936761640371545
exp178,156.9038566660346,0.009762954433528042,0.9968507781258966
exp179,144.1780831104287,0.0002946492824597584,0.9975342627217384
exp181,351.3591014780468,1.8263732401258572,0.7125380111525428
exp182,141.3386014244873,0.031234206979652353,0.9921999685591008
exp183,127.63994441619977,0.000594652672287578,0.9986990509322979
exp184,127.72743363726377,0.0337146960145747,0.9937429978423561
exp185,85.36887370517981,1.70521926301427e-06,0.9977766311516624
exp186,135.69018796696997,0.0005094640669769446,0.9983539453731565
exp187,173.1063282150097,0.002201562334870819,0.9984030266857233
exp188,92.86331198242206,0.00608860345759361,0.9950076921333298
exp189,143.89362473634404,0.0014043462491207092,0.999757968602164
exp190,105.18675061406128,0.01740269708372769,0.9883423392388884
exp191,133.95691187193316,0.01562663653120947,0.9942768221029287
exp192,133.84087909655562,0.0026111256276451244,0.9975779669634002
exp193,134.93803998569302,0.0006878883559760398,0.9972630031885767
exp194,118.32430723775819,0.00013419345353756672,0.9965279221269416
exp195,245.86675878790356,0.04274686637531662,0.9969450741355771
exp196,88.44463029090427,0.00670515862983742,0.9917155945979911
exp197,140.92084573060706,0.002199559198362244,0.9995897054996284
exp198,175.58893270055668,0.006725918846195407,0.9990182626161617
exp199,148.81315208730632,0.0007089855680779284,0.9995377016005662
exp200,148.91862498270635,0.0006983033443511907,0.9993318301663902
exp201,136.5532189800491,0.003974872623431359,0.9972373699521567
exp202,155.76070838514684,0.0005922595159575334,0.9999658356140397
exp203,176.09717300300392,0.035587910007327445,0.9986033150225413
exp204,54.33712120068045,0.018429569711227733,0.0066715190133691754
exp205,182.26943644557318,0.022420081021382942,0.9945407303736921
exp206,120.33466724233418,3.260529066659159e-05,0.996275671327965
exp207,343.7966588493783,2.7186443985065334,0.5773288655375606
exp208,124.04826778381653,0.00038852558557387555,0.998905607302832
exp209,87.49441167177567,0.11906264669695052,0.02141761738820305
exp210,144.88557587443663,0.009893654006650213,0.9996187495746381
exp211,164.8754650996561,0.0026756562635228973,0.9982631928531466
exp212,110.96224962155371,0.060880989139761296,0.9907191860320514
exp213,240.94124761518376,0.27110856437565684,0.9913557741240426
exp215,131.272301815587,0.0001507449178889821,0.9971739755190794
exp216,300.18966674318636,0.2328447017705624,0.9826260170092469
exp218,200.91887240540774,0.014712011331494444,0.9997897829821292
exp220,140.0040884176262,0.0008858146355604229,0.9991223358845814
exp221,110.6741795050527,7.077305021756895e-06,0.9977631516683894
exp222,158.2045165285651,0.0004459358242059214,0.9997519121168658
exp223,100.81068115784672,0.0003662394834363588,0.9972762743898347
exp224,118.16674192689463,0.0011748781223811634,0.9987541152374991
exp226,115.9015887179442,0.02890317235656713,0.9952917976714669
exp230,113.35176159854855,0.00022053466019650523,0.9995880213817827
exp232,113.94031003110693,1.3598237160257845e-06,0.9972847183819404
exp233,143.07684197287668,0.0014375775078420173,0.7701762118995504
exp234,132.98205750595807,1.6141146815826122e-05,0.9264456276318405
exp235,168.8718776607484,0.004536238858743938,0.9981219620677476
exp237,148.73396130666444,0.0014590739397291805,0.9981146338675809
exp238,164.9168862175057,0.005769732670990785,0.9979460427611405
exp239,169.29282454310825,0.006113536045847535,0.999332247070142
exp240,135.9100309982116,0.0008806779789352057,0.9932929381740623
exp241,115.68602916478285,8.627178247345295e-05,0.9456885141456376
exp242,116.55599992246047,6.827454997050119e-05,0.9960035040916264
exp243,171.52162485589562,0.014498863775779405,0.9988797071069273
exp244,155.92791515208708,0.0006044798787875502,0.9988958788833032
exp245,172.36409019246773,0.022079754495492866,0.9999496964865889
exp246,131.84812985773243,0.00027468815986895383,0.9991687246528047
exp247,83.55967995966746,1.2271982960121283e-07,0.9960509995613779
exp249,105.52869588040112,1.7923642110755992e-05,0.9986034474862148
exp252,118.39438798046987,0.0007768518685566668,0.9956218923276586
exp253,160.1435328873498,0.0022037904044446485,0.9998903184195327
exp254,149.1207190874507,0.002489756470885754,0.9998999045060112
exp255,102.56463132323486,3.742790827586656e-05,0.9954797494957057
exp256,154.34034104154014,0.021448663730470763,0.9943703232848367
exp258,128.31810649371906,4.026338264175524e-05,0.9979055117983487
exp259,122.18136719619348,1.4404683208073757e-05,0.9985302782541154
exp260,141.3316530822425,0.00019095328201184503,0.9994530718159252
exp261,140.20267758248642,0.006469925213873186,0.9978971477087847
exp262,107.14880024340144,4.203663479615062e-06,0.9992278382525671
exp263,134.68505652517248,5.723660291395313e-05,0.9996027392598856
exp265,143.3128182860916,0.01081134524615375,0.9079766424013497
exp266,174.42087666784383,0.0019479563997533912,0.9998338878091743
exp267,102.18821503816646,4.0917362676306443e-07,0.9997232225882535
exp270,156.11013371397027,0.0010436281004795713,0.9304779626660422
exp271,149.79991005190786,0.0006284849969492933,0.9955012711683188
exp272,143.95412797185298,0.00015730900160536082,0.9975926846071653
exp273,130.3914505757103,0.012420117823567464,0.9969723733348779
exp275,99.52994740925509,0.010833505634495602,0.9945648255941446
exp276,99.0825699231093,4.354162020892513e-06,0.9286011193348243
exp277,139.7177659589957,7.491090575604677e-05,0.9974857563009809
exp278,496.1496440547185,2.7775684161922554,0.5431682823673075
exp279,142.62192756483597,0.00496530061406823,0.9993607220523019
exp280,123.14603985050428,0.0001364444837057507,0.9957754231874028
exp281,178.3187468182537,0.008264910850482539,0.9950889097305861
exp282,137.77237443297196,0.00037394023061395503,0.9944825633993326
exp283,127.35418917744131,0.02404590124398565,0.9931396823649773
exp284,181.25778757961808,0.006779006614177303,0.9999193648921915
exp285,317.10891524960346,3.0205466206029796,0.42025016873697757
exp286,165.19765045887286,0.0023656826611422412,0.9963638816054213
exp287,128.14178131156996,0.010636988673878455,0.9981725037914164
exp288,145.92901004056645,0.0004249190347484227,0.999900956595994
exp289,400.48689462955195,2.241091479453537,0.5767314396632857
exp290,125.93808504175502,0.00011413759209310059,0.9992712769506595
exp291,109.17076323221052,2.8415808301032967e-06,0.999067231765727
exp292,166.1305111837431,0.004027838182070335,0.9984328673146681
exp293,139.7048849026688,0.00017057678213367258,0.9987847435259982
exp294,125.01034888363591,0.0025753972017811782,0.9974299395485573
exp295,136.20708419850277,0.0002035541081434722,0.9992702518314449
exp296,109.55325581850106,0.00019829873810294662,0.9989419224887467
exp298,149.4175418643684,6.08306669054619e-05,0.9968805289654008
exp299,101.77277756845358,0.022005999697144,0.9934907577601586
exp302,144.6212408172759,0.0010973816138613102,0.9971682760302281
exp303,164.2494776774554,0.020796371464661654,0.9965192404801118
exp304,151.93583892264684,0.00105657737298277,0.9995142240773555
exp305,129.9445181211996,0.011804146513829153,0.998275370808626
exp311,137.77916186062853,0.0010368085293011495,0.999742174153656
exp317,170.9861867595619,0.004220160121991641,0.9940417261849511
exp318,180.6507288336294,0.0007425496526338674,0.9986032532282568
exp319,148.375786367214,0.00010758942930347649,0.9976063290489787
exp320,130.01933450383592,0.025700228341729248,0.9877105401979466
exp321,182.88354677058751,0.0011309507257534271,0.9992155126580058
exp322,169.13389238963447,0.027567182309305962,0.9948988514430532
exp323,138.78113243459308,0.545356764255722,0.04834848746945293
exp324,149.54862947687224,0.012522615081095399,0.9975116671244224
exp325,93.18299907643637,5.208696854374163e-06,0.992424723608559
exp326,141.0594787325195,0.0004355211770256113,0.9944197011463372
exp327,160.10541616804338,0.013343461614878902,0.9986266271283362
exp328,156.15842875684626,0.01627612740503023,0.9920545239209165
exp329,156.5246496964081,0.06006952575787962,0.9950078079543404
exp330,133.2574838812002,0.0002596270281463053,0.9976084620642997
exp331,118.32825138673554,4.117927991490911e-06,0.9987410203811274
exp332,103.59027907882279,0.04344380639687768,0.9896984201773782
exp333,159.02965444567448,0.0026533382074190623,0.9996020686211279
exp334,151.55410440467253,6.0061440488268934e-05,0.9980619120013894
exp335,115.38810422033787,0.06353819990967334,0.9902107545282459
exp336,160.00768600327424,0.0018034776806069746,0.996053504645386
exp337,146.36673343598642,0.0013213574470084105,0.996776247142481
exp338,138.87770577572735,0.00018146805711356779,0.9978889254429291
exp339,184.9106112817616,0.021855879843094762,0.9993308720271455
exp340,150.01706181660924,0.01850900559224984,0.9933878480007204
exp341,138.62767169106326,0.00022644669673563421,0.9977108643076111
exp342,140.01609456618064,0.0026860869543851875,0.9926151751337982
exp343,143.6370937991775,0.02747743544855398,0.9955759924990094
exp344,142.96096123623113,0.00043896983940117096,0.9987060375242383
exp345,142.02880559725895,0.00026598208119766535,0.9965796924905187
exp346,153.45622530481634,7.977992005371854e-05,0.9961412888397183
exp347,154.1984867704335,8.267054183740026e-05,0.9972298767961176
exp348,140.6168482121005,7.54253144761507e-05,0.9985265940640491
exp349,86.35993112228046,0.006194388013877516,0.9824228449068915
exp350,179.70105313430577,0.009042096729434599,0.9997509625012538
exp351,169.38403945168866,0.0007492174546282874,0.9965700916091635
exp352,161.45834841339254,0.0014332361931830193,0.9976667535436673
exp353,119.50147944442612,0.0002865243905413615,0.9981398823730542
exp354,189.7097754728824,0.07772041414839494,0.9925344840322246
exp355,146.7917611838117,0.00667409738522602,0.9986354283318403
exp356,127.27332639607653,0.0003031291808292001,0.996133749569014
exp357,160.8444609555676,0.018369466814425417,0.9942931293047896
exp358,126.52154961026221,0.026446458978532688,0.9897437266731481
exp359,154.62783239372052,0.002969401175504907,0.9992578406030989
exp360,107.88431284013609,7.050887598510329e-07,0.9968306865241867
exp361,122.2500957891028,0.0003372255305517838,0.9967923155826507
exp362,211.61536692228287,0.12939834422551155,0.9980844783040264
exp363,136.58350513130154,0.01754488994555761,0.9967120693009895
exp364,127.32248915205521,0.0033502041564671074,0.9966038037334556
exp365,135.9051399031207,8.112553304902165e-05,0.9961332758471724
exp366,430.29679585367774,2.7453051262498285,0.5116402657159881
exp367,152.61751741397657,0.00026888256467628145,0.9963517742231599
exp369,180.5467018549085,0.03780283756538456,0.9913289563970692
exp370,94.34756793231087,6.862380302264381e-06,0.9928587347975831
exp371,121.83540180708968,0.001340021311383336,0.9975658065217856
exp372,303.58642505623095,2.4840957871555833,0.624532112894288
exp373,176.44020006271856,0.016479139090113303,0.9935402058898333
exp374,146.91814020147157,0.030833334648722736,0.9955550734833917
exp375,135.72227377102652,0.002628140333702042,0.99510053411188
exp376,199.521450392266,0.059693541193952065,0.9981477357699918
exp377,149.12276959681498,8.846936265560713e-05,0.9963596909043415
exp378,117.45024684722898,0.016890431067021563,0.9827991139394882
exp379,160.61205588387134,0.025663726387491197,0.9948110955117487
exp380,117.32938660538584,4.414206662161046e-05,0.9959942326494717
exp381,126.73781979090542,0.0002139546564280074,0.9982517540331318
exp382,175.55840864252505,0.05048792024984451,0.9914346913888479
exp383,184.33016962338453,0.0015963751822140693,0.9969670362412001
exp384,146.46195330434176,0.0001401190055196697,0.9981284241379863
exp385,125.19539298200854,4.4232137469753015e-05,0.9954182755204133
exp386,179.78309381679256,0.0014672428934258497,0.9981546064313132
exp387,146.3946173433491,3.411062153144969e-05,0.9971913256889531
exp388,211.99343099643642,0.00636814682226091,0.9961636270897608
exp389,144.73175379009123,1.552732334797924e-05,0.9987313778421636
exp390,165.42949086972985,0.001639944097218689,0.9953483424399819
exp391,149.80668183173012,0.045604078028421174,0.9964501707788251
exp392,113.80601941603605,1.675156001841003e-05,0.9964498531642902
exp393,132.98842345673114,0.01569606044930119,0.994128616766573
exp394,119.97709242956272,7.178374922090677e-06,0.9980077030233281
exp395,158.64922601083563,0.0002367571710985766,0.9993856715031084
exp401,158.16178325188596,0.004104587739399271,0.9989199176603697
exp402,139.99004352661882,0.0011013663757374283,0.9987471644781638
exp403,176.96779314027407,0.014897357355961956,0.9979786153926921
exp404,216.98485013295192,0.02416588291250363,0.9995219166660938
exp405,174.68048499147386,0.006159414981985689,0.9955723921079884
exp406,168.81770846111692,0.010731895351212991,0.9999202296278281
exp407,108.98665816328517,1.7050712950716287e-05,0.9969940324497907
exp408,163.54835605307272,0.00209845749124125,0.9978103264521244
exp409,139.21585526175812,0.00019400115917433578,0.9949591453425232
exp410,181.0934604788892,0.005270358919022045,0.9943372816584825
exp411,170.27051443046432,0.0022642935516534765,0.9975240911528772
exp412,96.64680855382248,0.10065117651471986,0.019629755034251874
exp413,135.37449269414336,8.065617309646133e-05,0.993320310109989
exp414,166.84026178196703,0.022516357246714136,0.9986816963229975
exp415,197.1974102828798,0.04584055069682769,0.9960366802681615
exp416,155.2320154593619,0.0026415678347132513,0.9999183978439832
exp418,148.52883282711917,0.05881509612117387,0.9902323331147855
exp419,142.75364214090717,0.002187691193208438,0.9994526365837628
exp420,110.72122938642909,0.02969913111203788,0.9898873783226785
exp421,147.39491411949274,0.0017235203198063872,0.999964589695497
exp422,192.6176485068418,0.07729296212108783,0.9938182895961621
exp423,147.49875440761713,0.00010527225483373524,0.9967737520839401
exp424,117.96632844235997,3.6889332602078427e-06,0.9971032156650828
exp425,120.89070592441006,0.0001260473441301413,0.9946387261948807
exp426,182.56861704324405,0.004147721592991163,0.9987593140153919
exp427,114.75101284102165,0.029516857966099937,0.9943547840535506
exp428,136.7969868072658,7.565999320153253e-05,0.9976451033902157
exp429,155.75496918556385,0.0016662615426771697,0.9958923278221693
exp430,156.16484473780372,0.06978602385652058,0.994815224095894
exp431,144.913530974277,0.030027508864959314,0.996387330319087
exp432,370.50556088306183,1.8876176949957562,0.5831873330165706
exp433,108.77087077516242,6.038600697037014e-06,0.997820844494355
exp434,244.4429126093926,0.09176104748419399,0.9969138299100543
exp435,268.9718465316644,0.24548289752103641,0.9771963217894021
exp436,146.03971853632348,0.002022134968768567,0.9981429116521454
exp437,121.28735357456385,0.0022222277326904454,0.9968501147059844
exp438,91.58507925116689,5.865772101840478e-07,0.9949743061117294
exp439,134.17586508755033,0.0006136081267121537,0.9970410043838579
exp440,140.41042805273887,0.00015023867124751096,0.9957777946462903
exp441,102.71811542403793,0.02258408213024675,0.9836747015934303
exp442,146.1506039746882,0.007762885970371423,0.9977589276008283
exp443,200.2361045664921,0.08822768854342422,0.991811825108261
exp444,136.50960136799844,0.03358899538406079,0.9924193675863124
exp445,135.31637367190112,0.00042928722511602796,0.9977648597387225
exp446,126.57497790564307,8.00933147338658e-05,0.9936819871653151
exp447,131.58934884601808,0.00042700002473257403,0.9984810853903815
exp448,119.44129824300147,0.00017369708169627908,0.9969270148361258
exp449,189.29193099831232,0.0623752669611664,0.9986505945056584
exp450,108.71784102717918,0.03114637630022018,0.9906653962169164
exp451,141.06150249396572,0.0009482885562202184,0.9960800596347932
exp452,154.4715619588478,0.0037400359392745757,0.997625172365418
exp453,129.54443405747108,0.00023932892218478575,0.9966495141547246
exp454,140.7476829685193,0.0017909222925096091,0.9998882509495235
exp455,144.09358563567923,0.0005836555991280355,0.9987729590610928
exp456,103.6095630022262,5.707281189857034e-06,0.995440627178465
exp457,112.04366837287922,3.938902323746211e-05,0.9939801770414545
exp458,135.1160371257841,0.00014244084552512672,0.9926617337931621
exp459,118.32006833513216,0.04533641746300077,0.9917645836782829
exp460,138.07275859185577,0.00042173329571223674,0.9903041610508231
exp461,121.90490904494733,3.0207191996761277e-05,0.9932847413775708
exp462,153.77847287261068,0.06635649649380639,0.9915504800516322
exp463,146.62327071008474,0.0038417711569229316,0.9967018075183944
exp464,172.544726738216,0.001160633854891768,0.9967791305550137
exp465,99.96473186295461,0.021546263096799332,0.9876131555776521
exp466,137.9358438601878,0.02243002350993259,0.9963291084390994
exp467,104.42440471836272,3.4600425400177846e-05,0.9970952404164487
exp468,142.51061645492516,0.0004554367525861638,0.99839010122705
exp469,96.74273478607483,0.02487435624963298,0.9870603334719136
exp470,142.9157259071828,0.0008180664676168023,0.9982980234248898
exp471,157.4687358351168,0.005828259618572797,0.9998995124380097
exp472,157.8490816465271,0.0010898456762903346,0.9990879887935405
exp473,148.83873034787064,0.0010272827012695772,0.9964777516168121
exp474,126.3294825251465,0.019202195270687786,0.9924765289997578
exp475,169.524116379229,0.07963654106550727,0.9937688397028885
exp476,178.0676853999047,0.0013625821793067483,0.9978766242699934
exp477,137.2813519823394,0.00035592995767210373,0.9989446458511059
exp478,161.5008073503304,0.0001872737013273623,0.9952334561939684
exp479,174.08535637945957,0.04399893334348505,0.9939486269502593
exp480,106.33480106854168,4.0857313579044714e-05,0.9961587366460257
exp481,153.58997339525013,0.00035447193754588986,0.9958666857507171
exp482,124.51004617104545,0.02161960431641748,0.9925770796939984
exp483,174.34920945241106,0.003092664103788605,0.999128543063901
exp484,128.96677528911133,0.0008002953939751832,0.9981932624585486
exp485,171.6821687880416,0.002487396567829121,0.9972410272930836
exp486,135.09575902886803,0.01837000963836307,0.996424702055652
exp487,108.6975291312099,1.0343383171370796e-05,0.9951687189338053
exp488,140.36990419731973,0.0028438461259818145,0.9984145635839433
exp489,125.5572077546897,0.014673049298309114,0.9950290221366155
exp490,160.88466723108266,0.017948557559979227,0.9989047935326641
exp491,121.57753418120926,0.0001879944886865903,0.9949873151193814
exp492,114.28244806115227,4.0225227856976426e-05,0.9971954118556409
exp493,230.78425276945188,0.07907657519432046,0.9912249886786768
exp494,158.4518614660141,0.003367298061362769,0.9998621689076171
exp495,129.39823494439912,0.0003506325022574002,0.9964758343179062
exp496,160.90645189630078,0.08503921547045418,0.9971916616383288
exp497,167.20743174537623,0.013112924261616666,0.9985842281520255
exp498,191.04289736915743,0.058518742455201306,0.9926955164120866
exp499,143.46194845180483,0.0021498378651506568,0.9986803775371109
exp500,98.78936729614041,0.0013913546868213461,0.9957720122911586
exp568,138.28757745413176,0.004593158554864462,0.9899927336871838
exp569,128.41529618569527,0.003982611033884906,0.997935254013536
exp571,100.00462532136429,0.004987619955416658,0.9902773081763503
exp572,124.40976521115242,4.261547982370157e-06,0.9995909554871852
exp573,123.38731330009269,0.025565351300878558,0.9928866365483191
exp574,126.21834472120524,0.03343070374181183,0.9914784289686113
exp576,250.5926006810258,0.03427421420311574,0.9968182047658583
exp577,103.95004078127005,0.0014351744476891989,0.9971427007770124
exp578,81.65443176434616,8.449623251008671e-08,0.9995322682295312
exp579,89.10981321865358,0.0002596150352757219,0.9976201135153236
exp580,154.57035498056217,0.044156052052704606,0.9906290930100414
exp582,129.21864226931123,0.00041297216584686023,0.9986223650169374
exp583,106.56518901670017,0.0001080457197212922,0.996477902502431
exp584,83.33153358424727,0.0005783877549955916,0.9979168495776755
exp597,176.3812514057308,8.897680856258553e-05,0.9975867057801114
exp598,176.2905858732736,7.140474332963578e-05,0.9982218309877711
exp600,183.00273775045747,7.923464105961535e-05,0.9991744277666023
exp601,182.6501360713176,6.342474584333041e-05,0.999094802391387
exp602,184.52691167125985,5.645749911680802e-05,0.9994147576180288
exp603,184.071451514926,5.804634608388835e-05,0.9989089451049296
exp604,197.7301421638088,0.00012663808642189722,0.9985534612459469
exp610,184.99568442296376,0.0958293839798526,0.9805216537566407
exp611,251.36142308688093,61.528794318413134,0.43032368358804074
exp612,87.30844445774642,0.0006087319106744035,0.9878762689552917
exp613,83.30849517934122,0.00134842329476319,0.9949867679797502
exp614,304.53218685021335,61.670756837416164,0.42611511406365704
exp615,79.42546086742983,0.0005978469954369487,0.9959387142806413
exp616,60.41678413342699,83722.15224351942,0.11456950339849079
exp617,654.8747474846872,3.1018575654255165,0.5780025992671489
exp618,85.74416372851123,0.008205635636808041,0.9890395547396045
exp619,97.26229365395801,0.00021354173801455982,0.9924606946137985
exp620,77.30089044403888,0.0015722692294160014,0.9970468113330029
exp621,249.2403950001985,1.11524641479121,0.4932564934777357
exp622,75.76927523897696,0.01948054816420259,0.010030460953782884
exp623,81.7204985176014,0.0005867048686501699,0.9964959824646286
exp624,118.51341500297237,1509.863876204802,0.16824361786482114
exp625,317.30923884530534,2.292481659055767,0.6023693013345247
exp626,25.56140775621577,1.9529601178298427e-10,0.0031725343415585534
exp627,107.93583793074461,0.011825923993438856,0.9840322115433001
exp628,81.42177511087519,9124.06893591759,0.1571303902897636
exp629,85.271784961349,0.0012776456367043852,0.9867773159155812
exp630,256.19620601295344,2.954560659057278,0.3061832963434176
exp631,86.14000501079664,0.002122260508461424,0.9955743424895189
exp632,108.92943753368338,0.0053924656610289945,0.9907230149627736
exp633,80.14353889904083,0.0029907056247224493,0.9943790049540127
exp634,82.51027811458034,0.0012164437159257024,0.9955916159377256
exp635,98.9218911413455,0.005758659874508941,0.9898510291727852
exp636,105.00500205229747,0.0010541325919265635,0.9912344771975996
exp637,55.817596642676044,599389.7946825033,0.06934588477010753
exp638,152.53400819974658,0.04252917874096934,0.9820110340293757
exp639,297.31040838499933,2.3037644141602414,0.6304163758342956
exp640,93.07198666401261,0.0019308023258103036,0.994799455464763
exp641,38.29769982584925,6788.762221607715,0.0075187443277281146
exp642,381.83334938725704,3.137986902864679,0.5884206981900971
exp643,342.7339988087076,2.5404032693243903,0.6659147854628245
exp644,277.7237159989863,3.105114328179059,0.387737416483138
exp645,160.74002303971795,141.24806759444684,0.1074741820503341
exp646,301.6809265068261,2.03623279600353,0.5851409251479803
exp647,341.9781239221192,2.8526630340286006,0.5126161433311378
exp648,92.13277983348708,0.00037373751093227535,0.9955447423242486
exp649,114.05345300358019,0.8913180570490484,0.07214634060505752
exp650,309.47923034045476,71.35982005344036,0.5018525061173579
exp651,120.6892270807746,0.1128440830464256,0.4259207682992452
exp652,115.16448635241579,122.42125668001685,0.10453405191027908
exp653,241.0360423079766,2.440433928308174,0.40645207593584115
exp654,72.18479753583433,0.003026600613149792,0.9935830569719476
exp655,105.97100273380237,0.0004679774457200596,0.9980916578026706
exp656,189.19052105355016,0.001015211593550157,0.9957160554039929
exp657,179.61586804552286,0.744935339405539,0.05613618615409119
exp658,299.30702978317805,1.5759896633815393,0.5031920003427627
exp659,309.2254801090575,2.9214568325344916,0.6640902068626983
exp660,110.84405858899545,0.013883824114940085,0.9935072184768082
exp661,36.15951272252651,0.004696691156923492,0.007052696533336331
exp662,139.5061444293377,0.00546376672324992,0.9914101535698359
exp663,189.9075758918028,1.979529793986982,0.2164234397027689
exp664,42.45190520619562,10866358.852175992,0.04565140012709675
exp665,22.020496494456292,7.890802129372615e-05,0.00356085270132039
exp666,61.375367718837445,0.08187534600686043,0.017307284491003983
exp667,33.473556384963864,169244188.58956626,0.03471727381522334
exp668,27.450350728699537,67828630067.58121,0.03920824180524685
exp669,19.610202342512963,199829063111503.34,0.025208050051602197
exp670,81.49978485801816,0.00037059021374742494,0.9953369958368059
exp671,124.16095470149321,846.7587622277076,0.1687016701456747
exp672,22.243869896176754,1087391695413.9734,0.02710677983017651
exp673,21.780508985137345,2484795558508.803,0.025487397863805272
exp674,27.315346190129535,40224480024.83064,0.04621593881453575
exp675,37.92787812305413,78731441.56732939,0.05360803444731143
exp676,97.94150579260052,0.00039344715392668363,0.9862304770028885
exp677,22.246380479382154,1918139337297.631,0.03409579361194937
exp678,294.19527500526755,66.60223518856951,0.4234907313591797
exp679,250.12149157564235,71.0890182422445,0.24447241338084724
exp680,74.46803252248151,0.0012916829059880428,0.996526929169125
exp681,27.27219942910874,7984331173.024845,0.034670371825273126
exp682,50.70764613971562,2162561.729087282,0.07085563700223715
exp683,116.69306282070521,0.0004319042490985509,0.9952562174516003
exp684,25.820469488950312,72222237261.74776,0.0275673688696711
exp685,40.21032749712075,34669095.17231693,0.07405871326945229
exp686,32.39046566700995,1177043455.7868752,0.0446196332408333
exp687,124.23609710464946,0.38195196597722586,0.026945632542623398
exp688,34.04437542399837,593671808.941372,0.04672951641903332
exp689,42.17971621924842,8678681.043752648,0.06498328758560706
exp690,144.8334554472072,0.47904781412887043,0.03232927180656694
exp691,49.61748436040741,1036067.7087123935,0.09325502764947174
exp692,41.42315673437365,12369434.271356644,0.05728632842768416
exp693,24.96690552696816,182003581468.14645,0.02954522202926744
exp694,51.90409990854614,2058177.040335473,0.070898884883484
exp695,35.37581602581073,109115789.77785623,0.042680711768158686
exp696,309.471828118458,50.96284315600669,0.4274555075924101
exp697,47.44743156169858,4088427.8553220197,0.07461889927145664
exp698,25.875334508003,59482939616.00802,0.029031553046237675
exp699,129.54283914831083,0.0003796898482063057,0.9953825032076342
exp700,32.92537557934992,655621421.4543538,0.0650986517009798
exp701,46.404099101078074,6542991.99247166,0.06901406349538872
exp702,57.52993532953169,162682.900397377,0.09609620095233497
exp703,267.45487157547757,62.835307293120366,0.22962072291047927
exp704,20.394235452618048,81137759184588.38,0.0357773196032599
exp705,25.214047819135427,341234187259.3736,0.041747075780700145
exp706,77.78999881797314,0.0010843255045117752,0.9963202657695223
exp707,146.74634773577415,670.893000011515,0.22028965810788673
exp708,44.01893789895527,12675085.969452506,0.08052060453593964
exp709,38.070185558805115,56964044.87882983,0.04722098502814642
exp710,27.877915791699436,14679273594.253176,0.0556655969681914
exp711,72.40411252442787,40273.003249456786,0.12606007359477217
exp712,106.91534081004711,1715.7039037800976,0.222579556036091
exp713,33.62581856102863,467261747.9938055,0.03831240334319365
exp714,32.952878068626895,1185136194.1645536,0.06076982211214547
exp716,48.1705873615948,3793375.5291259284,0.08959154780819194
exp717,87.23896104846294,0.00014734001958658822,0.9969098223806017
exp718,38.083205898497525,69690484.53747004,0.050392256698688805
exp719,39.78561667296036,49842102.10855625,0.0543942840039484
exp720,270.0809238311238,103.50345812426912,0.3290887437394393
exp721,152.32316917257756,166.2091823095381,0.05671225402945003
exp722,406.98493197661435,3.0787386534730627,0.35659479264879645
exp723,28.38879774280298,27665611360.013847,0.03936769327191379
exp724,38.37256981635463,97920133.96487962,0.058269212918518665
exp725,135.61917562964297,0.0012721266854757456,0.996538548626327
exp726,51.35687029479474,2909.4758608877955,0.013210520619352076
exp727,150.88510554203006,366.2205666629337,0.2423172261550147
exp728,35.16279242669123,221326750.5326218,0.06902094242330621
exp729,198.8951219283112,0.0025877046192229365,0.997676097164986
exp730,136.24521379068753,0.0033267963023208133,0.9913222357532343
exp731,102.87049520379983,0.0013649724323609098,0.995097854209298
exp732,122.74276785198633,0.0008144025761251864,0.9962942257257735
exp733,100.6341310622053,0.010786509735801012,0.9888600600260458
exp734,110.20851859078509,0.0006820118216394643,0.9964715773877068
exp735,123.2048522357957,0.002467100410041085,0.9972382461490823
exp736,306.78596944730714,3.1848123614442225,0.38146680362953483
exp737,103.28435972899345,0.006766506959897862,0.99336075491573
exp738,143.20841431029078,0.010665939272497454,0.9976344074665863
exp739,121.5438374940393,0.0031804676946017066,0.9990790991668247
exp740,21.665394786186944,1.2573740153820152e-11,0.0031547186994378583
exp741,104.63286073737372,0.0007712337064513306,0.995139939793441
exp742,89.33818628616447,0.000490005617067231,0.9959057102656566
exp743,364.2632300557718,1.9347577542745935,0.5477205307006899
exp744,118.5426136494804,0.0004232791402710241,0.9977508194766214
exp745,81.5544111416636,0.009203916713183937,0.9857556274733791
exp746,139.19327487503847,0.0007052408538621613,0.9998828962037182
exp747,87.75148781609373,0.4271690348748117,0.05172437494171433
exp748,102.62293075546472,0.0003902932587649719,0.9983051917268897
exp749,103.56478912739807,0.00026693417338995666,0.9988720891139896
exp750,114.81137203738656,3132.494407977172,0.22114772606419802
exp751,350.46463615909084,2.6332575111307146,0.639967297180013
exp752,56.544638802593184,236231.16628943445,0.12439358061837948
exp753,187.00015143837132,131.05199831337572,0.35513907891129093
exp754,107.79827374812221,0.29276418338514104,0.026607251671269143
exp755,87.03358082360272,0.0018535052366116136,0.9940581940442432
exp756,308.2854658818339,2.480650947366787,0.6288558690280683
exp757,51.27217473645334,88026.13543670901,0.06612969262268742
exp758,257.65356071273544,2.7700119119878224,0.36448225095479486
exp759,100.23386621271949,2.576370223349423e-05,0.9969754264778272
exp760,98.11675900232414,0.0006708288528695737,0.9953487976064397
exp761,264.3421927994094,1.4485119827696256,0.23353820001957817
exp762,100.10894883425453,0.0021562298057715267,0.9950838789515984
exp763,180.76032410503032,148.96916161136974,0.2493706601766684
exp764,416.3048019773847,2.4846175201029994,0.4729738123958795
exp765,107.32229837273591,3.656811540610126e-05,0.9995920615995448
exp766,28.256086910140148,27472930.46314745,0.00583084208210208
exp767,102.87829880468816,4.632371833426115e-05,0.9962704710360734
exp768,142.92267429359995,0.09457610566579552,0.4854742985683459
exp769,318.376927220284,3.1098538701611034,0.3695726953795906
exp770,105.09027427953353,0.004967733300005741,0.9934012547214927
exp771,121.50403346888092,0.0015803261685385205,0.9972446494704572
exp772,72.48692868878182,17661.806232738363,0.16415751219325153
exp773,48.01498334791923,692634.2887537655,0.10808101509328193
exp774,92.95664653242339,3.774089313370572e-05,0.998323753886773
exp775,86.97703639656729,2.0660405362909595e-06,0.997530561789515
exp776,366.0070591734476,2.696758412644175,0.6532212390802101
exp777,348.4454253394425,2.8708054538856067,0.5359943945181901
exp778,183.43732668864814,95.63601090411488,0.1487084179592489
exp779,131.8797684860445,0.008908987796169367,0.9956240353340685
exp780,273.6578137388788,2.2432792025106494,0.42202358642682775
exp781,111.52426408137147,0.009684104578237152,0.993789354533481
exp782,104.82785087566182,0.00022019153919408934,0.995867907305305
exp783,345.75013644985256,2.804872121646909,0.5271285974066134
exp784,338.5903475705836,2.3352961511418635,0.6443835355942426
exp785,301.4958557641919,3.0161057638901023,0.48884230374238935
exp786,377.7364998011632,2.632316897172231,0.45275770922779873
exp787,114.25802241317243,0.4126017170288951,0.04404185227226065
exp788,115.77348485561245,0.0005978114553803982,0.9958329855493181
exp789,30.71349979927462,0.00039112078929938714,0.0035812496049487537
exp790,68.53553328876878,0.1480651418815754,0.0164021084416393
exp791,184.2291616991876,53.59457618586278,0.12304879433352299
exp792,15.962586495524612,7.352706404294289e-10,0.0005855203512738069
exp793,428.3140917058413,3.0362613267604828,0.5891824028656094
exp794,109.8441228374495,0.45098978337971835,0.04731684118174043
exp795,183.12059393845757,0.003487694171116694,0.9902056204086591
exp796,313.68700251736624,2.650839893520717,0.28987411035831695
exp797,288.848914934351,2.328702329669027,0.38851884815385634
exp798,303.5252911862044,49.42191409558753,0.47898586352382383
exp800,220.14971633303125,0.4122843344480746,0.42861505068164807
exp801,83.87713169002383,0.0002553257509437097,0.9964435836478974
exp802,175.99427206694563,87.6231390058405,0.12413542126830084
exp804,451.23586862158487,2.924268891997342,0.5698277045947082
exp805,377.61434748902843,2.4079274628638028,0.49639313739235263
exp806,109.09966542963936,0.00015040245597191558,0.9969234971226311
exp807,21.222223551313093,8.436309110741948e-07,0.0014054581398521824
exp808,144.5789141260997,0.7029910655741701,0.04675863334323836
exp809,78.72110794322268,0.0006962673768751348,0.9971871908196369
exp810,117.39863646670393,0.009163353045236975,0.9958179867746177
exp811,158.56037583432732,175.40004495644598,0.28941436543106047
exp812,210.4976223214593,0.01963214845855862,0.9990221734424755
exp813,130.86249052065978,527.4642346252131,0.31759992605883475
exp814,135.29015871437153,0.0004321790769023818,0.9998630241465751
exp815,121.69627899789099,753.2153191763019,0.2814291871735285
exp816,52.062513388558315,585149.5738924914,0.10529646322818437
exp817,48.157279220941604,518026.8604561449,0.0798065875523311
exp818,365.9593692823344,2.787868043532675,0.34433827782943277
exp819,294.2821995547113,0.7056873974750543,0.4540437663964686
exp820,90.3339803592349,2.0893134758317892e-05,0.9975467980805751
exp821,43.04891477986245,4444728.853272228,0.07903472237521049
exp822,57.298287392981955,4260.453654505951,0.01122967099669567
exp823,19.828077918184487,1411575709.801711,0.0012195254124013311
exp824,127.3057365092616,5.766996969045127e-05,0.9968604114056652
exp825,123.56084441011207,7.901312018671915e-05,0.9963921438705253
exp826,139.3257602249425,348.0290500493332,0.1590625434519621
exp827,202.92016378282526,84.6577646764452,0.3113103948312879
exp828,56.57483571352806,123400.61774232631,0.10488456229327128
exp829,41.76890421511906,4296748.55323174,0.07736256995277531
exp830,101.04800859230724,1312.166848118583,0.2195582787328984
exp831,132.18222795345696,468.8360838414146,0.25095393472328587
exp832,84.15986677911222,4748.815449371281,0.19318884849268791
exp833,93.75956247549458,2108.6531417760116,0.2010079375056945
exp834,241.11783562485817,1.7997239566658003,0.11833324440744301
exp835,134.43564395884755,202.21019943021886,0.04366317642723181
exp836,54.31353404687068,376548.46955932706,0.11283678821208619
exp837,173.67239173524263,175.25851526247047,0.23125391614270724
exp838,40.87107243263362,4891017.458101024,0.0871711974027534
exp839,31.907008685161678,601364634.0692364,0.06132508858940243
exp840,246.24658139307846,43.17539914011864,0.4788136676453096
exp841,59.35981564168694,7068.3882191274415,0.007307710328563737
exp842,102.71290027135414,0.0010593513682813957,0.9871314694143704
exp843,46.36888009896399,1843588.3342573943,0.08177276634045128
exp845,84.59280072554797,0.0005475475876442011,0.995498169654281
exp846,210.58314432370722,0.23074222747057396,0.5230522357400623
exp847,77.17627623380956,19105.14509395186,0.13873485091050863
exp848,341.4589785094639,2.8798582639277543,0.2589705741088306
exp849,135.00440301892988,0.0005433180746631077,0.9947559307928034
exp850,150.38575236312613,307.6701934714059,0.27503003270121706
exp851,255.34469773137107,60.03983865905678,0.31923036142165157
exp852,31.791197464779188,5.787068363421167e-05,0.003177451383486335
exp853,204.21639274917334,93.68968855049813,0.18026937761221795
exp854,108.47302837962899,1.0706064185497795e-05,0.9962481831501167
exp855,154.4415282347645,263.9022041689624,0.2730293438049398
exp856,97.12116889138342,386.7757288863479,0.031099065620377897
exp857,65.96809371342725,10224.479413716543,0.031028872338313484
exp858,115.81799341448594,314.65584469205646,0.04398557746755428
exp859,293.6668789653604,1.5794961048458072,0.5327832153605755
exp860,120.09199685536085,0.00023186036664213592,0.9992188540365743
exp861,72.91026806450421,730.18469607997,0.025270700930919876
exp862,168.48422352178707,0.7098910553458513,0.6695618981169533
exp863,97.057021237963,0.026551257451160395,0.9875319347422388
exp864,134.5898952219658,0.0055017018187225415,0.9995365355566335
exp865,132.1330467979017,0.0559066499838851,0.9996340058121764
exp866,133.66167786007574,0.049945353058191734,0.9905599109132974
exp867,250.1058963723042,1.301024819211037,0.5886986874301148
exp868,123.39928309592611,0.0005638172719010751,0.9979177108081168
exp869,127.64967693789845,0.005888989148793881,0.9923900204991769
exp870,304.3296175842005,2.7982316243716294,0.759270819703839
exp871,103.22408951423769,0.003274301954382517,0.9945810118640868
exp872,132.3779467244328,0.0008863208908134159,0.9968477187985392
exp873,100.55693923075911,0.05559280300686494,0.9890067409869624
exp874,119.4830843688697,0.6586977476115109,0.09641575235278052
exp875,118.14154001516353,0.006694682573886131,0.9963883218984534
exp876,255.93831681391953,2.292364644951307,0.3141811763816896
exp877,60.48582533066379,0.002156988354080386,0.03150679205436607
exp878,99.1701787629491,4.756311276536306e-05,0.9989729692498232
exp879,110.9566319522851,0.0007321772780676035,0.9969751499496436
exp880,291.5375930641171,3.222105658511766,0.6086981595767433
exp881,124.49961473411494,0.027810630880512728,0.9939201038599872
exp882,84.21738580634734,0.011851651666119591,0.9905776601353335
exp883,92.06074102317224,0.00425367678486399,0.9973845296944992
exp884,97.40672389397248,7.113790777519274e-06,0.9951279266185848
exp885,75.74526488621221,0.008011038504431994,0.05220207539189502
exp886,199.5153005758924,84.29926437198993,0.2511163822834099
exp887,97.03737603069496,0.3867076379576817,0.05256959512605825
exp888,121.75076231621506,0.007658672621826663,0.9974360714551177
exp889,334.1259711024689,1.881928892850638,0.5662030415765474
exp890,42.467981332691714,640694.4903205776,0.017193587972586334
exp891,138.91847200359206,1.8348685317987232,0.14655945757369215
exp892,96.00215518039163,0.0019767226295573483,0.994966092089592
exp893,180.66849638162174,0.6687720294865899,0.4979111176363343
exp894,99.39158554190652,186.31235995338227,0.05629886204945403
exp895,130.12466311001546,1.8313946219108979,0.09169353573967208
exp896,25.73034537695408,1821810.917702985,0.005097016115098904
exp897,91.1564285851033,0.0005832064145664414,0.9990131784363259
exp898,103.38632690003202,0.02558493936336416,0.995229350401486
exp899,75.24252142359597,0.006885383763675247,0.9925980157716182
exp900,86.52908010494764,0.006831432162126497,0.9922886921014817
exp901,156.90586053259793,75.23387717464807,0.17499731893171408
exp902,38.542462372480216,160409.96633456132,0.009943882312633072
exp903,83.74896774815954,0.010325928314898859,0.9955701704015847
exp904,115.69672532518354,0.001445267428699843,0.9965098682750154
exp905,245.67454239778442,2.716390790719425,0.5288625893939016
exp906,107.91011393969292,0.00010232454977862152,0.994546201943276
exp907,80.53072300215557,0.3044321617775817,0.0313510437853921
exp908,166.05922451128237,2.136101598303831,0.19405665255242183
exp909,307.25142778199717,2.7412351897093874,0.5056517452465258
exp910,181.86995217548724,2.1018253851235715,0.26427682175411005
exp911,97.46487106694538,1.3058421212196269e-05,0.993368240795707
exp912,170.84568760168656,0.03556590313957816,0.994323046719326
exp913,91.50813062062447,0.00203463315821934,0.9980632428336086
exp914,188.69556039908474,1.7109622123980246,0.18014756451690098
exp915,137.98218887433006,0.006953098346895483,0.9926973125991874
exp916,93.92998917019513,0.013593264552137913,0.9938223782035187
exp917,279.2868955600399,2.067370191766235,0.6174574662025961
exp918,80.91370767171583,0.006003274823024407,0.9941428366032135
exp919,105.71953143479766,0.030708537543847378,0.9944801247063816
exp920,124.89649247804466,0.00010224152822169281,0.997408268732868
exp921,78.88122343103977,0.0024368983589442847,0.9973460242797617
exp922,91.54809693537058,0.027612128254084607,0.9862857507220564
exp923,86.70998893178911,0.0005490450191472602,0.9982640691332214
exp924,81.89364830796296,0.011319888662329268,0.987566144229695
exp925,71.34632958209009,0.0038068691212192105,0.9929095934094343
exp926,98.28262575733481,0.031418095326120575,0.9935551185496759
exp927,108.96735086016449,0.016585068194681966,0.9949872129862988
exp928,87.2461710056464,0.015985370858492696,0.9896009075020686
exp929,78.2072115815721,0.005499669057024385,0.9940620154759269
exp930,77.57031967109796,0.0016964549168236216,0.9985876163199352
exp931,71.4467094601637,0.0011898047094575136,0.9965795234583247
exp932,70.94248601043851,0.008674500612156712,0.9892608814826618
exp933,83.79514031344264,0.0007141894715067067,0.9957471616013865
exp934,71.00086326728372,0.0033277864738582787,0.992478596924215
exp935,106.74382940646015,0.00023602892335546332,0.9973109277789949
exp936,157.86299348922793,0.029651880882555475,0.9950017388436566
exp937,80.47267442205425,0.00040372363718163795,0.9981444403308084
exp938,71.90459500689208,0.005718625933345936,0.9917233743497436
exp939,83.64289121653036,0.0055930569341254704,0.9939050757139453
exp940,134.0109986855587,0.00022747339995223215,0.9938187655098782
exp941,82.60243074103624,0.0016272823099360817,0.9965716122570866
exp942,128.8472261966243,0.009071493766339837,0.9954420881436563
exp943,102.68766010992991,6.852560946168729e-05,0.9982164388287538
exp944,112.12896050034236,1.177491556687883e-05,0.9963690986047187
exp945,67.69455482665006,0.0012278872271542624,0.9961861961169555
exp946,119.32934489917658,0.025720579541707072,0.9840768142141579
exp947,170.38907086818037,0.0026920729949616246,0.9952880912462209
exp948,70.69115964485903,0.001407769493363921,0.9957993388252903
exp949,188.54989925550996,0.006038687068611992,0.9915983658290104
exp950,100.44455892403974,0.012099139346136734,0.9906894541921787
exp951,237.59457608856465,0.37097083865440805,0.9808395105366569
exp952,169.03137036369492,0.0009470315097274791,0.997760931280506
exp953,82.50900966021244,0.0045686038863467305,0.9923525409132452
exp954,50.6524158881406,1531.1623184377368,0.011761482844475818
exp955,75.66064159204586,0.0013097839590138754,0.9969098227699855
exp956,75.83430748979058,0.00015217633269196758,0.9978516906739247
exp957,126.64839050218302,0.01891384556452574,0.9971335184856592
exp958,213.30156060647695,0.047934865714376246,0.9994773686561236
exp959,75.81605799244655,0.0020430858626645917,0.9943984166660556
exp960,77.90618491380766,0.0002447052487319,0.9963403300981565
exp961,161.07047589990617,0.017396590965333466,0.9971927401234304
exp962,132.79698739446428,0.04032363017884221,0.9930264813959531
exp963,129.53180615816962,0.018143578842916733,0.9931779258998877
exp964,135.58355621913898,0.04304910009707968,0.9857586522141797
exp965,124.80611575414424,7.696471681781861e-05,0.9976573411704485
exp966,73.11147925768212,0.00011002220435630878,0.9980388994291239
exp967,71.36000364641244,0.0001548760938325153,0.9979736777873255
exp968,145.4417656567957,0.01721066684816392,0.992985603950892
exp969,85.35809063345944,0.0013117108109791647,0.997147503815786
exp970,102.666523670607,0.0005454616296535457,0.9960356278970782
exp971,75.1948223937424,0.0009463360020333848,0.9978212989798795
exp972,91.87395222478298,0.0013217353988058075,0.9976226257149171
exp973,123.54912322055196,1.728113648014074e-05,0.9981158741001858
exp974,127.81440434954222,0.0005615723205800111,0.9942081100145777
exp975,161.67063634406313,0.0004983099268218896,0.9970673485633306
exp976,70.40252928730153,0.0009316552907892173,0.9963175312644926
exp977,119.60254906986657,1.5159686762342878e-05,0.9967436725804334
exp978,82.2495130105812,0.0012018230654019192,0.9965864818877374
exp979,122.33907516050172,4.8521491729215735e-05,0.9930230585227717
exp980,126.78198584344571,0.00012064966267702978,0.9963958299153816
exp981,127.76005332373356,0.0001050512117912536,0.9987930055056564
exp982,288.8138276732915,1.166907212083065,0.4546730426043651
exp983,397.89358598100296,2.6946730647567234,0.5519113750805908
exp984,190.3902342922369,0.4833109585352435,0.4386493540608293
exp985,147.62435701368926,0.002352315499832602,0.9953790276618353
exp986,122.15503227364053,0.005739079073165804,0.9962303242969941
exp987,132.98600339834854,0.0012534483323371976,0.9929548479977639
exp988,114.72279029916703,0.0014270853726029561,0.9967011062271671
exp989,141.0008327607364,0.00017217165920362158,0.9977936509632789
exp990,217.58009271828453,75.26831632475431,0.4031971970347266
exp991,298.11399008155877,1.2777506477147043,0.4885080138540511
exp992,352.17216567804144,2.63565987386547,0.29167026691428427
exp993,321.54621650066184,2.513491482901064,0.5157394759270075
exp994,49.65441338430435,1026852.3206927269,0.10901376520708264
exp995,84.61962858008849,249.1039673480006,0.0589777246854879
exp996,399.88088167576245,3.123328680096033,0.5563349816696364
exp997,119.7359417531982,0.00011263436271651228,0.9969149356779685
exp998,82.20809623351988,14574.361184044647,0.16902461007466205
exp999,109.31392609551901,0.024575378025634195,0.9922067374152527
exp1000,288.92566604166205,2.4293992586402253,0.21682711709920052
exp1001,200.30518504786875,1.821269559699078,0.15315315997869622
exp1002,116.15391911366481,1287.611696969105,0.2267058048914289
exp1003,66.06049560936953,2131.4679649487357,0.013456410209072093
exp1004,222.12809196173797,0.5829968103921129,0.44921344989982065
exp1005,96.4863845471555,4446.115088169241,0.19771468452614682
exp1006,117.90991747895384,0.005598662252640752,0.9942495355516445
exp1007,94.19803147930155,3.285663809332328e-05,0.9974599899348577
exp1008,85.66299082816612,0.0005782673844643711,0.9982133498444817
exp1009,300.58815743203195,2.442858176574509,0.17939634944620736
exp1010,159.6856989482018,0.8262143915539781,0.05244380183392055
exp1011,143.81515192242927,337.02297918524897,0.2970852230347544
exp1012,77.44269905924976,0.00502277207951534,0.9896205199425894
exp1013,109.17703479999881,0.006987601486668577,0.9952731265924678
exp1014,110.22993468008609,0.00967185797180378,0.987522210966019
exp1015,249.68457879420117,2.3166177541728614,0.15781876931275077
exp1016,309.0656997999167,2.3817049770609704,0.5765498759989246
exp1017,381.7588882803629,2.873183404656502,0.3450824898629883
exp1018,82.41511137210607,0.005530590753821814,0.9905338509049876
exp1019,120.73047720662085,0.0003035187463774212,0.9961682927212541
exp1020,68.35957247460796,0.11041944262318207,0.016970999987428813
exp1021,234.2644684976821,1.5713598011809993,0.15961024166111895
exp1022,124.86098047908196,0.0007155815219662832,0.9987532858592237
exp1023,78.89560107868498,0.06277669471010906,0.012899251799485763
exp1024,100.55142609029421,535.3599764857769,0.05586689440293554
exp1025,97.7349888200026,0.008962397661617142,0.9899697255194211
exp1026,110.81488886010528,0.005690002615722805,0.9956143636788825
exp1027,77.61090435439672,0.0024720615885114724,0.9865946472638787
exp1028,101.74497532439537,0.005749448704979146,0.9930500237359158
exp1029,102.274592049893,237.06546518499928,0.0856928563032519
exp1030,128.60957204774107,0.0050086355525397995,0.9895191615067868
exp1031,82.70150865233451,17197.779322688264,0.11460528728490199
exp1032,200.02180010364057,0.5493932945715578,0.40605644824359105
exp1033,157.8741259672481,1.0552134210753477,0.10248382417558596
exp1034,82.20575048372312,0.00590297180387471,0.989762166225497
exp1035,454.980165209787,3.1983018668021943,0.4774056144713376
exp1036,102.27169173622339,2.4400922964338163e-05,0.998801861297561
exp1037,336.382407704481,1.41235611264395,0.501948878082718
exp1038,89.082576061384,5.807645318091245e-07,0.9953212313504963
exp1039,22.63305889556178,1628780894288.2515,0.044752753856243686
exp1040,112.84428095912033,0.008634294356209061,0.99424154601625
exp1041,81.33819827904239,0.00021162753911861047,0.9972851689183094
exp1042,84.05520069872965,0.0011800227679486862,0.9957314978308076
exp1043,296.91847724295405,1.0872364010523552,0.4905102880224111
exp1044,107.66125119052128,0.00020819770833184313,0.998443592767085
exp1045,76.3582243803246,0.0005949278435855309,0.9966667265062451
exp1046,54.3506467158637,2494.5976757376166,0.012910935711328524
exp1047,71.37465148982142,0.000762755907250487,0.9969416207623606
exp1048,93.98499389219928,0.00025881970962847694,0.9976713151684035
exp1049,77.94447349652705,0.0007195084640575737,0.998089912574859
exp1050,113.20932462003925,6.87812580136271e-05,0.998151567981697
exp1051,100.26106293334828,0.0001598210261143361,0.9987643993103987
exp1052,493.8332625865883,2.1903826356077607,0.5515239561360022
exp1053,103.96390865726062,1.1311845109184819e-05,0.9968422639505102
exp1054,255.14078255021366,53.495570185203206,0.21868886276897712
exp1055,36.065892847821196,94604533.39115766,0.06830946211550855
exp1056,91.83334241073251,3.9253146365214455e-05,0.996410975784906
exp1057,98.0553487827013,0.00024503555313877675,0.9977088455180275
exp1058,101.8588312638707,1.4795856836601269e-05,0.9951918480610055
exp1059,110.6146930625606,0.0022690971825899526,0.9971888730560249
exp1060,143.72587637116473,242.04104465511253,0.045614198698800706
exp1061,92.13792706351133,2449.375200087818,0.22241037264473848
exp1062,78.3479983115058,0.00037318191046754564,0.9968363703397057
exp1063,30.48693781957396,3750434384.6160946,0.05281481454987502
exp1064,122.48012099983255,2.825549476481265e-05,0.9950608021425836
exp1065,266.28551055620085,52.99360462047701,0.36119934744789955
exp1066,36.573909453317825,135746179.3033179,0.058346978289427365
exp1067,113.61621292666193,0.0003684534078291681,0.9940754636731692
exp1068,86.14239102137394,0.00018415362533968685,0.9971365224616777
exp1069,80.69508441535106,393.1322016073382,0.028894272187122583
exp1070,91.30661265702336,0.00020075089424998998,0.99786803122654
exp1071,269.7725320720669,50.65366996808059,0.3600811017668599
exp1072,76.95691584974855,6.490212068922379e-05,0.998162719513749
exp1073,98.84768701383204,0.0004223701509047027,0.9970731347511962
exp1074,269.01796933531483,0.42593327421139676,0.43505744525103673
exp1075,98.30693496611926,2.436584489366023e-06,0.9967412195385416
exp1076,108.36981655248158,7.543774905559807e-06,0.9993224286732604
exp1077,344.4359735085061,2.2764980467530584,0.5591778693584678
exp1078,361.4451264892533,2.7735370243218163,0.24974354329304504
exp1079,94.12261376631885,2.3679989650140468e-06,0.99740991063841
exp1080,139.61093278146978,108.025047529765,0.08235398672931525
exp1081,190.3544518134223,63.540108050800725,0.1987158709564475
exp1082,83.78669658665365,0.00020642563202512732,0.9980806044550214
exp1083,85.75142777561575,0.0002542426659943552,0.998165399645937
exp1084,72.09336201188906,0.0009639920872838251,0.9980821699385821
exp1085,29.950087893418253,941498331.5673097,0.07044264043328659
exp1086,95.99209219128078,0.16431992083054722,0.017798358588034153
exp1087,106.60233295849075,1.2524108192107363e-05,0.9966627773418848
exp1088,116.88763668914719,0.00013209598554991987,0.9997618218734244
exp1089,72.41267954054915,0.0003644780591726069,0.9978330966722503
exp1090,288.7923923648712,48.67947168422727,0.3881887746766998
exp1091,167.57270239262385,68.80542285554169,0.15797500649641563
exp1092,148.88509040884787,83.09559562672304,0.12275962591694696
exp1093,71.62913635464609,0.0009250643424522585,0.9979289069519661
exp1094,81.21013429979506,1.8981466281539753e-05,0.9995760074283325
exp1095,461.3743677712629,2.9788720087077305,0.4529289926463153
exp1096,92.57955318371017,0.00022193088602197482,0.9984155629664302
exp1097,114.60396586929798,9.4500713781633e-05,0.9993348981046759
exp1098,130.34016418080475,0.005397740437402446,0.9962656969788369
exp1099,178.09566575704977,0.0034737549885085254,0.9961782741625037
exp1100,263.979312819731,1.1118602595612415,0.5031202181097163
exp1101,104.28134959492418,0.00011179223693095235,0.9993540104105654
exp1102,122.84274113973902,0.00037353441230282764,0.9995494112614149
exp1103,281.2521866068215,1.7609762037585648,0.5896169942958335
exp1104,118.17405555197655,0.004187767722157558,0.9993667110943202
exp1105,240.94928136176281,1.270745508062776,0.4915524288730807
exp1106,88.68563663660663,0.02235341676570557,0.9898723067493832
exp1107,157.99445958412812,0.019755454665991528,0.9985066680832011
exp1108,288.92092372470563,2.674566208833876,0.6047259219076486
exp1109,348.5152870633455,2.791030592849291,0.7126564335398832
exp1110,126.92743861971364,0.0005074724678201848,0.9998862733038485
exp1111,107.49778132055017,0.0008919233724240938,0.9989980468875909
exp1112,125.89324954804226,0.0002299632138843866,0.9947495299707566
exp1113,217.82506644498167,52.7557569147375,0.23972037158830153
exp1114,180.01607770034087,0.0016814591684413635,0.9984386749294427
exp1115,118.41681249196843,0.0008204482479275658,0.9983297516708076
exp1116,117.45545650235127,3.435909885957187e-05,0.9987628036415013
exp1117,323.60293759147595,2.4011145049791827,0.6610243326568429
exp1118,151.1407975475907,0.014691921470252339,0.9977923488235751
exp1119,129.43994626361533,0.00020301951714242684,0.9994995297982007
exp1120,90.12309398183173,5.336087822956176e-06,0.9977840316529031
exp1121,99.75743222935644,0.000826782996159153,0.9980303731440641
exp1122,127.55278570239578,0.001082175849484383,0.9978794105695817
exp1123,138.64804811389615,0.005789504320378314,0.9988057043646259
exp1124,386.5765132323589,2.0398912281746826,0.5828900679793798
exp1125,404.56741291250046,2.811385745247732,0.6452611700170824
exp1126,113.6828436802317,0.000579513972469676,0.9990087907099524
exp1127,88.32344517086581,0.000919322554627719,0.9995132884646422
exp1128,148.08052239712865,0.005644313186735568,0.9980158840226545
exp1129,149.66000508434792,0.001959914992544971,0.997014836933046
exp1130,90.65457104699468,0.001091378097015096,0.9991613287314054
exp1131,172.60602810586883,0.0008181267919302663,0.9985707372963184
exp1132,124.10386332217567,0.0002808340168259325,0.9913931906663648
exp1133,169.13085360037468,1.65956180240265,0.19042844157402336
exp1134,110.77235136897582,0.00028969478553592267,0.9983933218971124
exp1135,154.35981090640203,1.210800284170558,0.09250464259196152
exp1136,76.13121634627728,0.00016414792435319033,0.9980027501875434
exp1137,84.72776926458192,0.0006489037011085426,0.9971755375849374
exp1138,109.5627177406318,0.0006520633867943795,0.9983189433492315
exp1139,459.7173028048332,3.058207952792277,0.6558012131972377
exp1140,67.71787451690517,0.0004630092607736871,0.9947143197161279
exp1141,79.37091111747134,0.00022459585549890857,0.9961615220853055
exp1142,129.36169190328812,0.0009200702166400093,0.9990490987830479
exp1143,238.29130184466075,0.08735831388616376,0.9830109303981699
exp1144,108.71276837282538,0.005846912954952884,0.9975106503503309
exp1145,372.9723417654664,2.725515625936035,0.5734450397112251
exp1146,88.70090029599437,0.0015100930824534773,0.9982343548146185
exp1147,219.5548393558863,0.9262624017045982,0.5159794228184569
exp1148,137.48280270411016,0.0015503293662652627,0.9993424140709652
exp1149,159.69341536518417,0.015812893297493455,0.9920126634479397
exp1150,97.566398892176,6.502969631787992e-05,0.9965259108440401
exp1151,105.2769579249237,0.0029782330592612893,0.9954703497026838
exp1152,124.3202725679693,3.915368476296895e-05,0.9953336873203212
exp1153,29.02964239886267,7.181876128171003e-07,0.006633765875299766
exp1154,98.18664113450745,0.0010746786249521425,0.9965100758723044
exp1155,65.28482105736825,106096.2678083919,0.09518642971567995
exp1156,327.5045383474375,3.1730402602719687,0.6363318749001324
exp1157,75.30955646401931,0.005297452231779682,0.9870979227035278
exp1158,98.20429235075883,0.001915879169500094,0.9970143744094433
exp1159,151.02139422800101,0.00017227710901388234,0.9985846160316394
exp1160,215.0847182359241,52.55521939495608,0.3404616772107299
exp1161,99.33272868310276,0.00870734634599033,0.992163789705685
exp1162,181.9604890554556,1.5097137230630466,0.12378819763811438
exp1163,70.40695383641668,0.0004559954781477566,0.9967313146153627
exp1164,77.53525547346327,0.3423345017804906,0.04215514099705824
exp1165,143.23321313092674,0.00034383743479434196,0.9963249033127867
exp1166,116.37582010765301,0.0016676860820574785,0.9969342219940499
exp1167,108.40315197755675,0.0013864993671963614,0.998429439044809
exp1168,149.66675310513787,0.004479602004546845,0.9984914462494796
exp1169,114.76985398763517,0.00010685294395435843,0.9998443662881541
exp1170,104.9149109418472,0.0001229883055327,0.9985222383845179
exp1171,118.4154488421094,0.003613614433029495,0.998565485128911
exp1172,108.83083128811103,0.0013012941411945738,0.9972349504640423
exp1173,128.9047236749124,0.0025219729015893678,0.9979691565307357
exp1174,150.37088766917998,0.0006374685429097177,0.9987910460366347
exp1175,36.073671439239476,43898.3202611866,0.005645633055438289
exp1176,99.90183042657898,3.843882555021358e-05,0.994625550417714
exp1177,129.1703679416294,109.09135061770556,0.07349571557082867
exp1178,75.76258374614109,0.0008690892986606242,0.9925792118712452
exp1179,178.41824664126543,0.2628710599315409,0.45307997160366376
exp1180,113.47595416090904,0.00019242979869016374,0.9921601203607345
exp1181,335.7399440571015,2.840482256319307,0.7426637444171905
exp1182,386.2474941267789,2.102142405454932,0.5980617665693764
exp1183,137.0189521552953,0.027352150061262986,0.9961112585307809
exp1184,143.75741812812112,0.010935170561556615,0.995970047380076
exp1185,143.5982506334561,0.000507305113880384,0.9989676505359107
exp1186,88.97655730123734,0.00042047555487701615,0.9979343531744224
exp1187,250.90088157755875,53.13872934328054,0.37737705327430615
exp1188,293.68322768948354,2.649585215406851,0.3120125562807988
exp1189,396.661729764711,3.0539196018757515,0.6470361773297321
exp1190,113.51597604686098,0.00023442799671918873,0.9925924897934659
exp1191,91.69691830339983,0.0013570314353369753,0.9982061225144646
exp1192,138.13409726123157,107.89435674722694,0.0882427004580533
exp1193,81.02382915524537,1.0154918250977177e-06,0.996391642696538
exp1194,138.26346005858346,0.00011157260460137956,0.9958412624513919
exp1195,119.10354418263157,9.364638582962493e-06,0.9990305450206952
exp1196,122.65128867987936,2.5436207536085676e-06,0.9932245185329467
exp1197,128.79987162323098,5.950184495082802e-06,0.9984804642652654
exp1198,98.37196599735518,3.093432600721458e-08,0.9939808021022137
exp1199,260.49201502623987,0.08077334876178736,0.9881550245897457
exp1200,146.7958240100523,0.01693326590725081,0.9947515075615375
exp1201,303.28982759257855,1.9988648964217293,0.5995822974027162
exp1202,33.10806451014689,6641691.197065675,0.0032916248835856425
exp1203,155.80093387912774,84.33186695677557,0.10686524256254079
exp1204,302.26285365012313,2.281618792254981,0.5018586693609643
exp1205,353.50723293109064,2.550617238081734,0.6105026530603523
exp1206,170.6331840551372,0.03488257111945331,0.9933808144383586
exp1207,133.72766614677374,0.006439352500630366,0.9987704439644857
exp1208,92.31056020351728,0.34830417214679804,0.039828406009515586
exp1210,337.62416000876743,2.8006716646481853,0.4795457426056431
exp1212,76.4476921748636,697.4774094393225,0.01777292524561655
exp1213,61.78347481047759,2605.451966601707,0.01373788904941418
exp1214,34.47213131103388,430142.8354698443,0.00498468998310176
exp1215,128.34148868186207,406.7661665724334,0.29310483299703777
exp1216,149.6035889946749,0.033697157347173046,0.9930672254705659
exp1217,330.6887209484753,1.3201847054327605,0.7723871192949278
exp1218,188.06863422665722,55.90158972518556,0.1105904029498393
exp1219,133.09650327970007,151.70737570885933,0.07583361398137954
exp1220,52.52982511517125,4514.252123383024,0.007385432426891513
exp1221,68.62337898771844,1270.509920019183,0.01816438742930499
exp1222,58.40227763899087,0.057256135321076616,0.009474665540481418
exp1223,89.91114228263173,0.4388655593662507,0.02593174945668439
exp1224,133.57036928399302,215.05023199768567,0.08387655994104713
exp1225,175.18891813746862,0.0157398595959261,0.9998742229975282
exp1226,166.32633754720405,1.3796122244080027,0.12462870474635698
exp1227,135.71596584348407,0.7998279327168717,0.05657970990695349
exp1228,251.64252440559653,2.6104551599571226,0.1853477161733916
exp1229,130.5254401073455,130.16318843827528,0.04434611992002688
exp1230,389.1296757027093,2.298606685248691,0.3082277682531776
exp1231,348.94791045950336,2.672032722832869,0.624631265285789
exp1232,432.5744958615098,2.960339111682986,0.6919296813759139
exp1233,240.5397214125821,2.4480081790581187,0.1834627696473719
exp1234,74.51873285473691,940.435000057261,0.020305884621628658
exp1235,167.0073665262293,97.08886673862584,0.12581389596159673
exp1236,162.85165106722488,103.41572011336685,0.13605713116921295
exp1237,213.66501873961573,95.78464929359905,0.23737442554621704
exp1238,240.4022961663377,75.3298812748398,0.2866147173597104
exp1239,311.14300623094994,2.3817017889009175,0.28409514705070443
exp1240,444.81710326309053,1.8597871488148865,0.9770933964955293
exp1241,163.36365316509804,0.41983217476170737,0.996828419935655
exp1242,205.27436407676782,65.46817485682732,0.19419089643502666
exp1243,202.79123443281645,78.62664805341387,0.26804155898175747
exp1244,553.7138816471538,8.397561262394413,0.9818180275486854
exp1245,167.43832113751898,0.3304387885286832,0.9921619945413045
exp1246,490.2959048224634,4.639378071972395,0.9792212961856888
exp1247,330.93376691374004,2.6101267841982665,0.3907566419847586
exp1248,341.36322678231363,2.9222858714739677,0.6136426571146906
exp1249,453.3457279003932,2.810706867258683,0.9453050628565477
exp1250,75.84066072502586,634.9292416851359,0.026583346045285564
exp1251,50.81299009016081,0.025617387964969023,0.009829265825587154
exp1252,371.97310458920253,1.6962460800916777,0.9908728873462549
exp1253,257.2868140167734,2.6082565856300075,0.24524980725147813
exp1254,366.6062448600319,2.1965978860815634,0.6373891280326411
exp1255,146.3339461797386,0.29824750183235516,0.9991842777648672
exp1256,181.27557202597228,71.170856670979,0.20322799098206815
exp1257,304.132033003624,0.6559879484538772,0.9880644407724897
exp1258,76.01541033028732,0.24249647909873748,0.020304438580145245
