Experiment,Tafel Slope (mV dec-1)_Ar,Exchange Current Density (mA cm-2)_Ar,Tafel R^2_Ar
exp1,108.43561936220932,0.00039335869257639235,0.9963676144800262
exp2,104.81339032364257,4.630363995738909e-06,0.9971914739597143
exp3,186.84369019557866,0.008378382396072083,0.9988129556665098
exp4,712.0106225229133,2.729718029631434,0.5262024477259316
exp5,172.05200125317955,0.0022366943509343614,0.9968496518802071
exp6,117.6872228695687,0.0002579380670651825,0.9974885599647608
exp7,104.53499296698881,0.00030814652416568506,0.9971151942197437
exp8,99.57577737778364,0.00958067190535168,0.9947822238918166
exp9,112.38340068173477,0.02735841672236468,0.9978650501756196
exp10,127.80032248551507,1.177233200591975e-05,0.9997621202722309
exp11,93.9751420414799,9.345393362078068e-05,0.9980900382629622
exp12,112.30095917285831,0.007589429164231638,0.9960146116403565
exp13,113.5947548829759,9.082870562479896e-06,0.9987910871873312
exp14,97.48424135465145,7.640260554829304e-07,0.994493642491508
exp15,140.08235312847847,0.0007011850109058756,0.9971242416325711
exp16,221.51138048689552,0.009620434590886257,0.9937977606729659
exp17,98.50409410624829,1.4487925284758549e-06,0.997814501510602
exp18,156.78660835096122,0.008652626355444493,0.9987767997765093
exp19,151.61828002928064,0.004129864386451396,0.9997460268411045
exp20,133.14041352218135,0.00014644933489617735,0.9975416555662381
exp21,102.97830630696915,3.0766958359888495e-06,0.9973519325796554
exp22,71.89167281742141,11655.87510653269,0.022800241156281296
exp23,188.59604966710796,0.0065120437741382695,0.9977315983670919
exp24,108.08632669680401,0.02011419590439771,0.9949088497981722
exp25,122.05500633717105,7.774007870517369e-06,0.9984484229745494
exp26,101.12517588337225,1.5040493488762134e-05,0.9962797267711329
exp27,496.2753604297147,2.462916079252023,0.2321126645375403
exp28,142.9200067091796,0.00027950598891118833,0.9984529880678129
exp29,104.43415328300952,2.353945128775973e-05,0.9997662811130485
exp30,128.6119484863429,0.00013905641618344118,0.9940216713017782
exp31,123.43974398949862,1.5007802330697427e-05,0.9985956984429986
exp32,144.35147669003047,0.00025130167660256363,0.997350800205837
exp33,151.34463307395785,0.00021773029331115696,0.9991387116011938
exp34,125.02948341661002,0.00017838189963887265,0.9998111834270061
exp35,102.70827315308827,2.4825997821313545e-05,0.9997233716357385
exp36,125.86206264765745,9.107339585129022e-06,0.997137227441147
exp37,136.63480763164955,0.00020490103806528336,0.997372519101517
exp38,125.0683968471358,0.0006437036942646353,0.9982556513299268
exp39,128.84731321431244,0.018699018075768542,0.9947178569708354
exp40,111.48025495938482,0.00043995387864557625,0.9984532754024258
exp41,343.0704145951521,0.7797033800310369,0.4299742322002031
exp42,136.13322671001103,0.00021485734376957587,0.9971317106520352
exp43,162.5507055568318,0.044779841787669625,0.993145903452859
exp44,89.15797842137601,3.0353128589662204e-07,0.9983519408116083
exp45,416.95905774365707,2.6053431914150087,0.6141582861796265
exp46,141.49817711048723,0.00020964173206607878,0.9981466600415103
exp47,108.28957774936487,3.1189550263665575e-05,0.9985605601956333
exp48,118.93550373750098,9.122277664413875e-06,0.9986367373175031
exp49,136.67931337418133,0.0002134922370222102,0.998797270212521
exp50,139.15201597052123,0.00023730633508023887,0.9953666276244104
exp51,129.56529187473788,1.4648002676415038e-05,0.9995177715003596
exp52,113.9846576378973,0.004987302595750974,0.9974563891997059
exp53,125.4332354861577,0.00023741835694616117,0.9999161838727911
exp54,131.5046488950669,0.00021986141957138085,0.9941136846161787
exp55,132.11127124139443,0.0003607262716556466,0.9984261175156218
exp56,109.1888249606269,4.078556927505593e-05,0.9995438037491439
exp57,132.29662271512456,5.4492953537283976e-05,0.9984145098299454
exp58,129.19381000021647,8.683118985648176e-05,0.9991850010685039
exp59,55.79723192922346,585209.2748038727,0.06038944505731686
exp60,112.46658081850634,0.0002850970238157802,0.9995313930316454
exp61,123.82132688221213,3.490690355320916e-05,0.9977280887068339
exp62,153.7933363979073,0.0005844505857385667,0.9984694942453697
exp63,166.06677478510946,0.0004836074948679393,0.9979981601626141
exp64,155.9716090025534,0.0033697982232310454,0.9994927045816435
exp65,115.16867002172795,7.015299974735717e-05,0.99771241435623
exp66,148.93087218855862,0.0001373426215724333,0.9968258399087676
exp67,411.71656540131653,3.026097444945382,0.3511070927068847
exp68,137.90013127013512,0.00018650544440406257,0.9980047801765554
exp69,111.49049149146587,4.4222776210346186e-05,0.9963908827505322
exp70,132.35900044378863,7.957910846806112e-05,0.9977727642080721
exp71,113.80571819450405,0.0009323146918035348,0.9962840250607891
exp72,116.23899264000435,0.002026049683532379,0.9988263552561782
exp73,130.69224577825005,3.324507351073442e-05,0.9987782857284996
exp74,146.91212130034617,8.536318897715623e-05,0.9980618579611871
exp75,107.8503660408479,1.0889540275644264e-06,0.9987436320487427
exp76,146.3133115812384,0.00018008935356212478,0.9961379045767718
exp77,120.01583794109754,0.0011117405546051413,0.9974747883372135
exp78,128.2444675403596,0.0017854261985397355,0.9951519323123982
exp79,128.110367601945,0.00081227290370465,0.9963825252134743
exp80,113.09992612556464,2.1935578719499235e-06,0.9985280082217783
exp81,100.93716425758318,1.3809211452558403e-05,0.9993757800921962
exp82,146.51630225887817,0.009389892260418111,0.9996747065779897
exp83,151.72475396607274,8.386956718110127e-05,0.9991396524533284
exp84,145.43085239758446,0.0010896099218753361,0.9997061359322154
exp85,132.54145789696383,0.002135231345455036,0.996306837284822
exp86,129.80471330688206,9.20088808952717e-05,0.9949921537378593
exp87,117.19866035166986,0.005392333212106169,0.9981759833515892
exp88,171.1168666084168,0.00017810520941102472,0.995255541077836
exp89,164.4718390282648,0.0006065966529439864,0.9967543115143732
exp90,154.39957179084837,0.0012734168301537449,0.9992466028503472
exp91,173.932625459953,0.023380133819838285,0.9999398373967321
exp95,188.14516637341697,0.0029454714045372035,0.998031550867606
exp96,152.6451137937724,0.00021317068832428656,0.9905806002092908
exp97,206.63599900213663,0.0011365905200223865,0.9995007309416722
exp98,142.04905704918326,0.0014592016627388937,0.999888706090053
exp99,139.75144066035205,0.0009090345828159141,0.9949489519671632
exp100,203.22005802513988,0.001967759212176971,0.9994375608489746
exp101,242.1352121756945,0.02008886896765215,0.9993345336071234
exp102,135.13047577665162,0.00017285514598396195,0.9899844965025163
exp103,142.25722041221184,0.00023386006435240122,0.9987033047902979
exp104,185.73979745995354,0.008377709704580585,0.9998853650078541
exp105,126.91232277948802,0.0001082838312298329,0.9964502809964719
exp106,167.83997401303475,0.00046929196183242446,0.9980197806656174
exp107,183.17646468838134,0.1620518387898706,0.9943512523270743
exp108,128.65456876769315,0.01438514107609851,0.9959887317981551
exp109,154.84240598659824,0.005132551721741656,0.9959560834259167
exp110,149.92085136938533,0.00018818126443432615,0.9986473812490401
exp111,162.46092249994595,0.0001351082529093345,0.995659051990812
exp112,159.98355795491625,0.08017840821477115,0.9980842344263468
exp113,113.18553848843283,1.8714991942660827e-05,0.9941583361837929
exp114,132.0119189538734,3.8160778108528985e-05,0.9949731552888488
exp115,156.10099382696913,0.0024969359167428505,0.9988321229859183
exp116,141.39321103176437,0.0011913991131300048,0.9995454508404079
exp117,149.605983996675,0.03551101428779711,0.998116215268872
exp118,104.53692896807972,1.7211782539998324e-05,0.9959535430607359
exp119,147.83254640476613,0.004194562147859777,0.9958791135767816
exp120,141.7586420024525,0.00021708371140075845,0.9964519884596649
exp121,165.48292153854234,0.00019816460671011476,0.9991285115716526
exp122,155.69100853023204,5.309590034792433e-05,0.9993960536833177
exp123,114.64096230891374,2.7416908378940864e-05,0.9913001795686983
exp124,106.59027125496972,0.021025265915907174,0.9863919343074588
exp125,129.8650527356244,0.00039324956931831995,0.999840733522526
exp126,179.64686078699202,0.0035559359046915874,0.9991962426025802
exp127,308.7896199753749,1.8377267040310974,0.604447470495887
exp128,109.57599697986652,0.02808604564096058,0.9951145700897381
exp129,132.91713496463873,0.0003388371662072947,0.9921390110350451
exp130,253.35678404855034,0.07935252229922396,0.9879768749862123
exp131,112.94914736944366,2.092554599617211e-05,0.996077338803296
exp132,142.23301697655936,0.004620280874328982,0.9999203869707626
exp133,148.45954477741878,0.0023088781796002044,0.9942100862024329
exp134,156.05535501336058,0.005315597659521766,0.9959260460547582
exp135,152.1585358693315,0.00010667488891408294,0.9951088403809654
exp136,105.17634626493864,1.319144263412304e-05,0.9993253395067939
exp137,144.8576548474076,0.006148495726575728,0.9988026995494514
exp138,125.21074281464678,5.8308512028024375e-05,0.9993416988512605
exp139,163.22284422071647,0.015481564297726132,0.9992619268126527
exp140,140.84889661336223,0.009764456493630363,0.9984466183871584
exp141,148.57782659921006,0.0027193078435163915,0.9994547468334144
exp142,121.9253569233484,6.633091070059412e-05,0.9956485442214087
exp143,144.0562241693138,9.216954429595694e-05,0.9987338843390846
exp144,97.71017007952383,9.508800308611609e-06,0.9956954779645053
exp145,121.80171305525596,3.3967288369084994e-05,0.9945674570864381
exp146,112.0667334573678,8.70116531302186e-05,0.9960304249749459
exp147,102.60758294257795,2.1918671545563247e-05,0.996236064757713
exp148,139.89752233597065,0.0001768021903476391,0.9931026221925572
exp149,130.93939872075956,8.342762273956301e-05,0.9988846883387059
exp150,165.56105782775634,0.08768335381461136,0.998567313967168
exp151,115.35537077704144,0.0002229050705942489,0.9971485452310851
exp152,141.39583200816455,0.00036321944037636533,0.9931414933958962
exp153,126.92341408935326,0.10596355846772058,0.9909118509515985
exp154,139.85150462941567,0.010262672010080952,0.9940890781266183
exp155,117.08368525642591,0.0001223951082779628,0.9982451658129797
exp156,129.74145765496402,0.32832512714314654,0.03674651807001006
exp157,16.409613584196805,5.716279539507037e-09,0.0009570734023478731
exp158,169.02890555833693,0.0022632487612132997,0.9987547855425448
exp159,123.97536724561812,0.0006846970516947922,0.9998300767668703
exp160,146.1285967353319,0.004961478481849079,0.9917945554947647
exp161,118.07919467970925,0.016242133111682065,0.9954447005906478
exp162,151.30204016098634,0.03475030143435875,0.9994061445298837
exp163,143.3095090393377,0.0007033879759974121,0.9988047009958498
exp164,172.66927772030445,0.010699666981923355,0.9957454084300862
exp165,138.408846433906,0.009616212726957403,0.996373505272527
exp166,174.17192970745876,0.0013778252789059412,0.9972214596083133
exp167,161.2158996081089,0.003960878170409665,0.9954418452892115
exp168,118.51835412757804,0.011726778027083497,0.99524602668006
exp169,107.61667966726753,0.06215513716571737,0.9979079632134851
exp170,91.62071364737156,0.0021949053883497114,0.9971076248490467
exp171,118.2959679717206,0.014166212981620687,0.9960171258374815
exp172,251.8384961705096,0.027296293117108617,0.9977336900084812
exp173,143.84797308777772,0.011334533525607982,0.9986589321173914
exp174,136.68662783523087,0.005020616917015943,0.9978288369172214
exp175,169.37517941236652,0.0016823522981433822,0.9987546785718326
exp176,140.759819103494,0.00014582345688528436,0.9985660489386822
exp177,163.6482330892473,0.00026159940051933905,0.9991499184948857
exp178,142.54472634758264,0.0022288932298545226,0.9991465921548286
exp179,117.0147828126212,1.7083570091632094e-05,0.9967697237480895
exp181,118.2514388865175,0.013992741555003636,0.9887439127679698
exp182,146.92241208759637,0.001158368312226286,0.9985080114456762
exp183,113.08721265328536,1.0244249293056605e-05,0.9953510705546813
exp184,133.60795643633273,0.03215711528938651,0.9963735494635519
exp185,126.71396454224282,0.00013641076114644194,0.9958861693957273
exp186,121.95459592699386,0.00015156735685039935,0.9997780832531482
exp187,91.1322980676533,7.828234197249757e-07,0.9951485756914726
exp188,99.92480979539523,0.00446617757591076,0.993539527230678
exp189,124.44833347943604,5.382467705628798e-05,0.9938563026351629
exp190,107.39216577064454,0.017920757111528282,0.9904538977235386
exp191,105.27995496667378,1.4348741947923295e-05,0.9952015883617166
exp192,172.49285130110485,0.007922242809006436,0.9960662321926932
exp193,127.53626800390875,2.886972642441577e-05,0.9970848560156438
exp194,137.28411472528902,0.00019666696293781818,0.99398277354018
exp195,127.23638655400926,6.401183816973409e-05,0.9971955517088337
exp196,91.13068854845359,0.006503463066367952,0.9921424883697958
exp197,124.3290935241165,2.8529867139808154e-05,0.9990822453027517
exp198,161.8715114969109,0.006428286766100873,0.9998883291772162
exp199,131.11684754319873,5.5370274842516686e-05,0.9985644350464543
exp200,123.86081371836475,7.5279657845316395e-06,0.9975970205682032
exp201,127.9353107114198,0.0023611473959619855,0.9976583406727589
exp202,145.20689242095892,0.0004261311608397054,0.9998262664842217
exp203,174.53251993924977,0.03268188498683279,0.9993975766622332
exp204,135.22728044340786,0.00014841874411897706,0.997540505532593
exp205,150.55598001551874,0.00013814654274704676,0.9993171942279168
exp206,135.05044415330332,0.00028019940431302064,0.9928051331878699
exp207,294.5428768535536,1.7853107668584827,0.587745607407181
exp208,195.57585452407108,0.02287960967115831,0.9883303625435579
exp209,111.27837824847721,0.22700062987336925,0.028655256472678803
exp210,130.13319067271559,0.0035097505723589617,0.9996018295454703
exp211,123.71665925412607,7.729441700858674e-05,0.9979250128688943
exp212,151.83421962538765,0.06161659110640839,0.9940078010351328
exp213,198.78010064077213,0.08168332711961919,0.9984911287523486
exp215,191.19772777310328,0.0015438941988769675,0.9978948104370355
exp216,175.7379506709479,0.010546109860669145,0.9995794666143557
exp218,170.52312111431723,0.0034778119762336863,0.9019834139730741
exp220,169.73256856588173,0.001966630050022878,0.9972437604221471
exp221,118.97155601129514,3.530662256265713e-05,0.9936126099021972
exp222,165.99422678495506,0.0006301409704451935,0.999802957916412
exp223,100.10518833776199,0.00017316797024128782,0.9972085074459542
exp224,113.28588759107046,0.00048104844851627293,0.9682932838061974
exp226,135.99881508905997,0.008669310649420336,0.30749682678255347
exp230,92.32030483048915,7.238230602934598e-06,0.6010203703655013
exp232,122.58043474548317,2.681573834356647e-06,0.9961470075542445
exp233,178.9565908120571,0.006219803944229556,0.9462146338951016
exp234,121.63252109078063,9.805490761716848e-06,0.9954642453180803
exp235,150.48780681036712,0.00021708299258569564,0.9995094391683861
exp237,130.71998980486592,0.0004084297650769931,0.996970644670744
exp238,136.5684083220852,0.0011281490662428634,0.995942494342321
exp239,132.33981304841535,0.0006532462146906638,0.9988179269043049
exp240,175.18970839714055,0.0038485349992019397,0.9937244603173833
exp241,122.36931810878882,1.5424669079613867e-05,0.5633092063349256
exp242,114.01990753463102,2.939581980617247e-05,0.9948097001316523
exp243,123.49289265560357,0.0011016757025187527,0.99790940671825
exp244,118.25209675711027,1.0589134044854489e-05,0.9988394485253553
exp245,138.34313871525688,0.0033575073827475485,0.9972951646863261
exp246,154.7944043628982,0.00011026328980957797,0.9985572107314904
exp247,119.52058335375801,1.9335492363132338e-05,0.9940044660680845
exp249,128.0379090133368,9.271728582231545e-05,0.9959422759158852
exp252,135.9969880863849,0.0010912828804920823,0.9964176197186052
exp253,163.67569202802972,0.0009158948302603893,0.9988139270133555
exp254,149.8450232379955,0.0004437929441249265,0.9986996876297254
exp255,107.64665515952377,2.523419627122738e-05,0.9951953290128439
exp256,128.20119390154483,0.0007534341663433694,0.7225347985409997
exp258,114.38344598359222,9.990893835457627e-06,0.5209669467461328
exp259,121.3026993784314,1.8275886665817466e-05,0.9973657547022299
exp260,112.3025120699813,1.8539421178199278e-06,0.9979913255490866
exp261,116.79607855011152,0.0008488829217255653,0.9979737371084352
exp262,112.59529990475392,6.561404309450738e-06,0.9947690778253279
exp263,165.25727296335063,0.0007163913044173255,0.6568021451907621
exp265,145.70570690301406,0.00718927071976416,0.9144465014173447
exp266,147.1796984706206,0.0005370826119697755,0.8695572595606487
exp267,80.23710767011553,2.6832662962471143e-09,0.3752749186482415
exp270,152.01132259181256,0.0006445103915161586,0.2986587967219234
exp271,158.64314440936917,0.0026059357323412633,0.7511569761493556
exp272,120.04543406797119,1.6263064919951295e-05,0.9982504102273645
exp273,157.27252266094507,0.0029539555784711883,0.8933994200501871
exp275,98.41821232535679,0.00793735386354129,0.9949569295001127
exp276,108.10338583287475,1.36804818811582e-05,0.996372693237266
exp277,154.90775431534928,0.00017692678951776762,0.9990398904125497
exp278,126.75832816658203,0.0028914972401566518,0.9960141303711603
exp279,128.65732094654666,0.0009458413566620049,0.6673226443805219
exp280,111.3927121138251,1.129092927860758e-05,0.9246733299598484
exp281,157.95683616518943,0.0015268815794529597,0.8653031722860945
exp282,158.01726108594664,0.0016809618389669084,0.8696576404551614
exp283,122.01968165874219,0.00846287437901153,0.9953664839818709
exp284,204.2714930363368,0.011536655660206067,0.4909232334000895
exp285,76.41136161264983,0.000625185753561632,0.9952047991082807
exp286,185.83699150515932,0.011891355064617755,0.9896378128198575
exp287,162.24941709386056,0.0036996698160613514,0.9916663285994276
exp288,167.28296462694638,0.00035949177945577047,0.8530642409631483
exp289,153.620544011543,0.013122683491551717,0.9964989729757983
exp290,108.65777047725152,2.4371896698681244e-05,0.9977676173379689
exp291,119.14966718006315,1.0161119963640848e-05,0.6052072659606303
exp292,130.76141959727062,0.000377499284148842,0.998913021972778
exp293,162.82042321015078,0.0006004976800792859,0.25900927043509403
exp294,144.4770779736721,0.00011420619541031693,0.9996141450433609
exp295,122.99070952134345,3.488568537337174e-05,0.9983493849019487
exp296,432.8244450055179,1.0068079414476114,0.4184168116184197
exp298,120.45590519207478,1.5127518201184245e-05,0.9988924766739249
exp299,104.46821132143647,0.01684909468899493,0.8242058187105848
exp302,140.6150495225297,0.000689260421136664,0.997446954177844
exp303,150.6186565630656,0.009349709691332692,0.9528873423926812
exp304,157.8255238651021,0.0015927230391173644,0.9799484238963192
exp305,146.5427525296949,0.00765577956059594,0.9992021534859676
exp311,130.70505016233537,0.0007320616236227027,0.9961856166701597
exp317,182.47312342347323,0.003262017469469175,0.9964532570670662
exp318,157.91563306091956,0.00012450126078423045,0.9978710835317524
exp319,134.7103425333091,2.4012795668644632e-05,0.9980352113824263
exp320,123.61762906893439,0.010966513757458255,0.9933429321562577
exp321,130.96474346726225,2.1468410471632533e-05,0.9973851747747214
exp322,163.19850633822566,0.022647574538293795,0.9946704304977662
exp323,236.80229774728218,1.65325330189525,0.12024258464727339
exp324,149.50975189945433,0.00768534077404338,0.9986570182862898
exp325,96.07332482194897,5.502364704939377e-06,0.9920874265506343
exp326,139.48611733990728,8.02458778412767e-05,0.998855596385168
exp327,143.0709553870209,0.0012364115356578132,0.9939815832409604
exp328,148.070628156203,0.006811005002375143,0.9966880294201983
exp329,158.37101315865604,0.05366381723994689,0.9950608547103303
exp330,126.45486861589222,0.00011083094637474652,0.9967043795480495
exp331,124.37251108760047,7.120821241243772e-06,0.9971961828338299
exp332,104.53074459698793,0.03382444307510405,0.9906682773978166
exp333,200.34863421569202,0.004074004296748454,0.9949641880554003
exp334,129.4918860702722,1.1165311989014558e-05,0.996892660473646
exp335,120.70412690728223,0.045274168401057614,0.9929722783898692
exp336,165.76993424027748,0.0005802218476449303,0.9969265785090822
exp337,170.28155655546752,0.0026057366847300526,0.9942704847898982
exp338,184.2146240844918,0.0006856088247601576,0.9994660909393247
exp339,176.9304522151951,0.016637655416082944,0.9987090649932203
exp340,179.6293918325036,0.012218316703631044,0.9899435702518599
exp341,123.6756697801916,9.717296613893022e-06,0.9977398906359584
exp342,132.7158889677847,0.0016546992899976966,0.9965326363764887
exp343,159.91809904447257,0.027887113788101953,0.9940396542921122
exp344,228.9829699440442,0.014647623033945777,0.996172341836874
exp345,156.93398872918664,0.0002258841594838972,0.9974809477269864
exp346,140.66200861141115,2.9314220105345734e-05,0.9968957011617481
exp347,141.6155985426067,3.253999332847459e-05,0.9960677092785681
exp348,132.39327025527498,3.777686161706434e-05,0.9982264846502068
exp349,93.78033611401447,0.009613646328935287,0.9846712053340483
exp350,166.1476530735769,0.005279926320177839,0.9999552067039715
exp351,126.70003286917539,5.719341401761717e-05,0.9936801327233368
exp352,167.41559073912973,0.0005030096103166167,0.998731620889384
exp353,130.7940865239148,0.0008969079945716424,0.9976895845625904
exp354,166.14721236840683,0.030693154447747884,0.9949552763193671
exp355,134.37122558498908,0.0022808902335941694,0.9975558561010406
exp356,113.02514229738561,4.284616640410873e-05,0.9952541392298436
exp357,154.04863423852177,0.003546055378744182,0.9949435203212831
exp358,120.0054614465632,9.44777712902157e-05,0.9928492708298803
exp359,128.23486554600748,8.702531627647677e-05,0.9958309147939107
exp360,116.58323991113937,4.572243746298317e-06,0.9974298002317707
exp361,134.8876733650795,0.0005450337267071275,0.9957219484806842
exp362,202.66217629167647,0.08102006262630398,0.9984971927244912
exp363,135.4955298722969,0.007983139380676236,0.9946376476359187
exp364,123.2637209171411,0.0019881219211447263,0.997701373553052
exp365,152.58886470885332,0.0001014968333672315,0.9976724052945797
exp366,369.18451460631275,0.2397653430893977,0.4201641016008528
exp367,207.6383536660821,0.004461701873259767,0.9995544217956562
exp369,155.1064899122433,0.012781164487710227,0.990800169522282
exp370,100.1315691859173,1.1973431829032744e-05,0.9919971005649966
exp371,117.46152967900372,0.0004995100460959977,0.996809766992294
exp372,89.6697666088804,0.00637585992366817,0.9920227604007495
exp373,181.01258172479237,0.01968987637349131,0.9921296998253073
exp374,157.9859195485778,0.0022757320295999353,0.9942950252021644
exp375,171.86181971146783,0.004030225878710904,0.9911182986417658
exp376,180.71833818803117,0.018794769079525597,0.9975205247810792
exp377,131.50639140578033,1.9510861509465642e-05,0.9961939924908991
exp378,133.3572078123654,0.029297173612956605,0.9866850459252393
exp379,150.96961227668015,0.014502677386711845,0.9971374620240673
exp380,133.41705976138405,0.0001223195389619491,0.9963548612160457
exp381,119.04985355302298,5.6402498275406436e-05,0.996048521226462
exp382,145.42333415938805,0.0010035108119759004,0.9982196821627277
exp383,161.41097745557028,0.0003091935170293737,0.9974757789560642
exp384,141.1424768202387,8.198702178582895e-05,0.9981659218538438
exp385,128.48665997189516,3.2432317534345745e-05,0.9974918244117157
exp386,199.165188167079,0.003770116484477097,0.997574530665778
exp387,147.7806084231027,0.000477229926337936,0.9983638648486807
exp388,146.34359087840923,0.00019844801188044186,0.9981718305924935
exp389,133.8554413727744,1.6702898973533486e-05,0.9966227934378924
exp390,121.3731703012106,3.4138913913115796e-05,0.9934825911460708
exp391,152.71902207417907,0.039986390737478575,0.9974680342165019
exp392,119.75279607249271,2.6025782090331197e-05,0.9965763084779479
exp393,136.1757998485826,0.008874386409861231,0.9930430099927711
exp394,111.58096813106862,3.061733027043301e-06,0.9966458537655806
exp395,140.04509779765723,4.51314075650319e-05,0.9976230323119168
exp401,160.3964336019365,0.005927865183395168,0.9959418864514488
exp402,137.47897130947604,0.0006068070904625109,0.9959151390623041
exp403,157.2394883715429,0.006361373221825205,0.9970088424606409
exp404,191.9580436006981,0.008521249839228327,0.9982900852313401
exp405,154.85173453309085,0.0025151601493810225,0.9959336016326841
exp406,154.1249164217126,0.005150485083090435,0.9999371783576289
exp407,107.0049553326562,8.856884256723585e-06,0.9941866697436063
exp408,145.67842548201972,0.0007336935544220206,0.9985850087438611
exp409,132.19357962105298,0.00010328125870002336,0.9949027253586843
exp410,147.05444208635876,0.0003942549697743108,0.9958301057880852
exp411,153.15532569818419,0.0007231893017537868,0.9986600099018045
exp412,617.0748040629883,2.754251249275038,0.4806446445382824
exp413,132.84157347375816,6.681792400661363e-05,0.995382999205144
exp414,155.81969719102554,0.0052266985605130736,0.9995360354283532
exp415,203.86146332612674,0.05580834932628171,0.9958441558422104
exp416,160.43064113656547,0.0017615515326441606,0.9948405631148818
exp418,142.08333792042066,0.03542125599387243,0.9931392938050162
exp419,151.12144883771217,0.003337983689312841,0.9996217010109683
exp420,113.92152752916442,0.029319666498763296,0.991204666953162
exp421,169.10895490129718,0.004121814415311889,0.9967478998389088
exp422,202.52140840892412,0.009046526311624895,0.9950494560220882
exp423,149.56437293570724,0.00014693492138215806,0.9961727191260149
exp424,116.49621157724877,5.796181668300653e-06,0.9968180093618668
exp425,123.0076406715426,3.583710170183555e-05,0.9941886687912765
exp426,154.17366700392475,0.000610700368035377,0.9948504007440553
exp427,128.05109793767758,0.028948774060070397,0.995254267595904
exp428,144.04118044765093,0.00010371613973380906,0.9977621436066846
exp429,158.89325071928545,0.001508315348559617,0.993215183479949
exp430,160.36506636252054,0.07487627689300322,0.9945006467807013
exp431,157.4544071866667,0.01874565536335807,0.9964676343692878
exp432,159.33647671959525,0.06410545505116888,0.6903040167705458
exp433,105.74891161504279,4.424963412518513e-06,0.9958278453394279
exp434,224.7874938511307,0.05961690405167134,0.9979075469027479
exp435,247.8544674440328,0.15378113598026222,0.9776462187485375
exp436,149.85073671980973,0.0017224633254233472,0.9978217925051118
exp437,118.31296347402713,0.0013005170981843443,0.996817473464534
exp438,105.94515303424225,5.637162475041583e-06,0.9937909354289626
exp439,139.3249564536784,0.00017803612087907955,0.9956058645972802
exp440,128.22959675317378,3.252407842138709e-05,0.9949039184035569
exp441,171.9849803871326,0.10543757815764729,0.9890599479258004
exp442,148.34924665943365,0.005792041801273417,0.9957873034902704
exp443,173.25281654919507,0.037081989353598355,0.9941049455661276
exp444,137.44557989478147,0.02988692407585972,0.9927628958888217
exp445,126.37796216551087,0.00013831606785275608,0.9953706408971025
exp446,131.40930005295724,4.943205575522249e-05,0.9938699258263236
exp447,154.07724248414115,0.0019414172183432042,0.9969958368995802
exp448,129.4890785303141,0.0001407363152244834,0.9942914457508472
exp449,166.92096444906568,0.007933935570692911,0.9996826427332879
exp450,148.6735630823944,0.06256440320768089,0.9913569874231924
exp451,149.5071391850973,0.002295803617283529,0.9960017714397507
exp452,159.89308794976066,0.00485971073516922,0.996544327507075
exp453,148.5200073976865,0.0003359262031967626,0.9942779733146144
exp454,138.47260803883404,0.0014310359950549026,0.9997125800722897
exp455,136.51033462373852,0.00014471664213278027,0.9938178782950947
exp456,110.50187645703214,1.668330889747385e-05,0.9923929575170188
exp457,105.18881838120498,1.3645570643750442e-05,0.9911998208769857
exp458,139.54146984469224,5.011671308187183e-05,0.994639337212886
exp459,116.94225474159397,0.04313592835357153,0.9903534176846753
exp460,156.43588355074598,0.0003662546485233397,0.995454473142874
exp461,139.1821433109317,0.00011031967937892264,0.9937698715787413
exp462,162.22725184102717,0.0685003061958553,0.9944489891703552
exp463,150.67937087918241,0.0029420541277952704,0.9968085787871904
exp464,146.39648072659932,0.0001771896205658073,0.9959363446175694
exp465,174.50399492004118,0.0115923653131935,0.9887822404340543
exp466,132.44438428033698,0.016954625006692932,0.9959897146714831
exp467,111.03149818826388,6.707273736144714e-05,0.9971573194381997
exp468,138.5089292534131,7.225504279371121e-05,0.9973734334870328
exp469,98.15362364434998,0.01992925490182564,0.9862723511565726
exp470,120.36178374608697,2.4350791174849514e-05,0.995338617942697
exp471,144.84178210426717,0.0031889580093766297,0.9966045134740521
exp472,167.16676967716725,0.0009830429110147343,0.9934071945149179
exp473,151.48590899467177,0.0008159979709759453,0.9955860017901795
exp474,124.91102703149795,0.017543091510047282,0.9928277541778371
exp475,156.4286859837126,0.049190759023333405,0.9941425753543469
exp476,160.9328489637085,0.00031677514297016597,0.9988262053578519
exp477,126.05296711641792,0.00015819594641656773,0.9973205338024863
exp478,142.04077715891742,4.836232728840418e-05,0.9968038702637275
exp479,143.70457408647056,0.010491537827323687,0.9949730375879278
exp480,137.37871860831208,0.0004915197993787169,0.9952197845538273
exp481,143.4185388649994,0.00017881279201751934,0.9957819086877824
exp482,121.57807325221953,0.016096635460206486,0.9930621884460671
exp483,126.18283002255937,7.375920214499257e-05,0.994666644902745
exp484,150.2742053063456,0.002289411527885399,0.9961793151944304
exp485,185.29424025598843,0.002487355688905121,0.9961315367082599
exp486,129.8508233288787,0.013854652520850367,0.9955943469558655
exp487,123.1004526197048,5.288299866566803e-05,0.9936529173582992
exp488,134.46910674544628,0.002083977883240262,0.9979394247000419
exp489,151.80525933895868,0.010423112372369914,0.996659637921612
exp490,134.60258405009688,0.0046543339362531185,0.9954084549556448
exp491,114.577640902661,1.59584550717383e-05,0.992573875587625
exp492,118.16100878728238,7.302971607744079e-05,0.9951615563706087
exp493,170.2429819581437,0.015525836173918891,0.9988083636855226
exp494,157.58398635010627,0.0015302980306603265,0.9973448829639128
exp495,137.20371445617423,0.00015660786751866437,0.9936130673302356
exp496,168.8457265780749,0.09229813117816241,0.9988177632170694
exp497,138.45414647764986,0.003781452250747787,0.9981285265307173
exp498,155.45424487600772,0.01991000280231078,0.9881101025695853
exp499,126.22218279600325,0.0008410203721874003,0.9969584719808471
exp500,119.066240855563,0.001641781148629218,0.997782732422602
exp501,171.29118093396994,0.006503109388020673,0.9980631879661837
exp502,121.5376751037905,0.0011768104789617174,0.9978184113227465
exp503,126.16799941218449,3.09882367127456e-05,0.9995464036439106
exp504,153.53793691439716,0.00014003742183075362,0.9993729601589577
exp505,179.01527265707895,1.4516889540458144,0.11331140020629576
exp506,167.35176183948496,0.003536593791281232,0.994106244098796
exp507,162.8859335828094,0.12075932184209892,0.9953250479620902
exp508,151.72326923192813,0.0003763504319045729,0.9972049961406374
exp509,236.17830291757286,0.03432343668040808,0.9894986269029585
exp510,243.34684386928294,0.033369230879479114,0.9852716007743427
exp511,191.05958625419595,0.0004657301983967315,0.9979904776747593
exp512,96.98389401891626,0.001921855124837144,0.9925314746134439
exp514,285.60997705029524,3.15408165016904,0.6118706240180783
exp515,128.16533238558216,0.0004965126508067283,0.9958779122897624
exp516,172.34181680056804,0.1405066195287355,0.9936162160119157
exp517,145.05157546079485,9.810085882850172e-05,0.9945850346531618
exp518,91.31885623372256,0.006944412332907307,0.9910368798902416
exp519,159.96472089547925,0.0001852116004899174,0.9941458236105183
exp520,206.57121962009828,0.005748442790788512,0.9990265371149799
exp521,167.54336788735378,0.00017145193413039308,0.996418484871285
exp522,164.39331605448356,0.07382994199449358,0.9965147281421356
exp523,119.99098465224,2.2094569442644814e-05,0.997764257423763
exp524,98.16176642013923,2.824721711020013e-05,0.9961851428770863
exp525,112.18831500111447,0.003655528266657596,0.9979826639869289
exp526,144.06792716796247,0.00093754984337727,0.9919284689127951
exp527,138.99397703285155,5.2879102678125354e-05,0.9985595357891871
exp528,165.03827995187325,0.0008623065239933018,0.9955661167728058
exp529,113.21944596663887,5.0270724677196064e-05,0.999100794486879
exp530,157.79187583694733,0.00047783710628775757,0.9955195142980873
exp531,122.83651700714213,0.00910772647277462,0.9953195188019196
exp532,159.8251408163857,0.0030081628059166056,0.9998488051551488
exp533,184.9853113272418,0.16798009211953296,0.9930441318101428
exp534,123.09300400114935,0.00010863488709199112,0.9974675107730032
exp535,150.73774275349845,0.0008431414103262705,0.9930636875058607
exp536,107.36297363361382,1.4370610364987408e-05,0.9996956111543994
exp537,128.38282917065243,0.0004376019397696051,0.9999154241814573
exp538,158.2194990452614,0.08149464675977035,0.9920162540609976
exp539,113.7317231812836,1.9742329901184802e-05,0.9995866925535847
exp540,101.96981771892709,1.9505942023053798e-05,0.9970729931904403
exp541,82.85750470710369,2.9075981085062356e-07,0.9964098138283011
exp542,81.38765954299137,3.450813137802764e-07,0.9961143029532972
exp543,111.78376200766962,4.4646182912666546e-05,0.9990662375949231
exp544,98.42405686815103,3.061994101310443e-05,0.9971644999993811
exp545,146.4835987109931,0.0002710473228527547,0.9999599673769962
exp546,84.76781450639288,4.1343216730504864e-07,0.9983639550937513
exp547,121.9957401293727,1.3263874349602961e-05,0.9961320547652768
exp548,,,
exp549,,,
exp550,,,
exp551,33.27068179994758,2179815.374087668,0.00955345683862229
exp552,183.80251245314886,0.12314094214488529,0.9951418993118896
exp553,171.79239070913766,0.011767437670527582,0.9990971276103424
exp554,78.31299805054712,7.944370043409921e-08,0.9973172960485166
exp555,235.01926589447086,0.10001967666938638,0.9950750176350307
exp556,140.75744636994492,6.656691806543536e-05,0.9993014910171836
exp557,183.94745682140717,0.005683863429780146,0.9926292125604596
exp558,172.17677246098705,0.01579268585477617,0.9997142805189627
exp559,87.66913701192237,0.0005833268564241832,0.9954695450724605
exp560,109.16852834855017,1.392704413870975e-06,0.998381319910199
exp561,148.31059069138402,9.591519807558398e-05,0.9984039701302857
exp562,113.81910889122851,2.3965901169232334e-05,0.9989161791310333
exp563,136.8071122152233,0.022152244006789754,0.9957575427394014
exp564,95.54269340345007,0.01760544596945106,0.9935278228781831
exp565,150.37675738064843,0.06116942209904679,0.9871921984057422
exp566,91.35473180433138,0.004327453061708694,0.9941714137997194
exp567,162.61382897007093,0.008932158131971632,0.9984757052560267
exp568,128.80228352565197,0.0022054259368175424,0.9940515948026837
exp569,132.66657511227277,0.003724484477584595,0.9986917501281797
exp571,121.45163165736362,0.009603618372535143,0.9886710870110601
exp572,130.38728184610943,6.929707121147798e-06,0.9992751501870698
exp573,125.1400496938537,0.015510279619840065,0.9916698268304788
exp574,123.99556131234168,0.022313439370108785,0.9918979767066782
exp575,,,
exp576,168.25405973942512,0.0015150141414572633,0.9972836899344402
exp577,121.81150376563134,0.0039045196155550973,0.9957084116239668
exp578,105.71671309712939,6.277056292129476e-06,0.9971890746470997
exp579,95.41023900797038,0.0002251896344540647,0.9964701881956562
exp580,185.86611103314434,0.05678784835109956,0.9827882914178273
exp581,86.66565607235685,0.008168173262996126,0.9900705006326541
exp582,124.47335504745173,0.0004643354771631317,0.9979311284881341
exp583,115.58419880654164,0.00020333872820651723,0.9939484017760598
exp584,80.63101889041154,0.00022062492490258138,0.9976423257202112
exp590,159.4342047736886,0.00010096327401865239,0.9992946586709303
exp597,185.3894605132248,0.00016685984586820393,0.9959425015844434
exp598,193.7169609743018,0.00018872242010128704,0.996989868621888
exp600,206.8540453751519,0.00020209655495832904,0.9984616078841475
exp601,219.47570436289053,0.00022329663487890048,0.9983043914767677
exp602,263.3718113406653,0.0011068943209982215,0.9974096643340922
exp603,263.3597810148152,0.001190895419082531,0.9956613012047623
exp604,591.299322921625,0.018979550814223586,0.9957617041335883
exp610,224.08007055088743,0.16121397507179766,0.9712034006898275
exp611,236.4922691793194,63.74121872763115,0.19837644028641113
exp612,102.75810443693825,0.0009641268110365375,0.9884092589481319
exp613,79.7820753904457,0.0007876486498357608,0.9958883171289705
exp614,173.03050144397852,0.0076498336671937655,0.9886521215842723
exp615,79.5127654410971,0.0003468323966392443,0.9968703296772471
exp616,55.54175252863323,7.915424574885948e-05,0.962236259626649
exp617,151.61274261493756,0.001110897031862229,0.9920517192303318
exp618,104.82885536799104,0.007995238962516976,0.9882354142092115
exp619,95.89492944703656,0.00020078052881332162,0.9930898041756274
exp620,82.57176213093946,0.0012605366577435246,0.9958338641134715
exp621,302.8544656035158,1.3549984454413464,0.5017489070886365
exp622,100.86801543118341,0.07808469962365135,0.014939204296330262
exp623,83.32242505659774,0.0006323580301380214,0.9956266563733871
exp624,311.8431838354952,65.29952785406158,0.47576189071090635
exp625,292.44017075087885,1.6534436504436292,0.5845357336121718
exp626,71.07571853392749,72085.9365514757,0.017429467851023374
exp627,114.66928710095529,0.00864652698763598,0.9926075385424279
exp628,273.87797884288983,65.26610009251118,0.32263415194936085
exp629,90.20035610002067,0.00035473317519452944,0.9915636662014113
exp630,314.89781941726517,3.0400639056827083,0.3381050039145758
exp631,83.3308751380081,0.0013731714727562702,0.9966347552343041
exp632,138.97378917475638,0.0008110326665676224,0.9931154226312835
exp633,78.36668698583773,0.0025532679451557034,0.9944230394860709
exp634,83.69742890786384,0.0008835622760341015,0.9951681704122789
exp635,92.08101792071929,0.0021180574868028784,0.9906219719780479
exp636,136.51647118405853,0.0022483081657080207,0.9922148606407863
exp637,124.88453655958902,0.0008804721115705381,0.98387706213064
exp638,152.79994853393745,0.033656149058629986,0.9733489774099263
exp639,79.71882769320611,0.004949918761657391,0.9871826315356461
exp640,117.24879003018386,0.00483654807474461,0.9949689753234744
exp641,180.1176395427478,1.7530818336122034,0.18303315828648775
exp642,441.27413712242355,2.60497643047356,0.6016348667721125
exp643,77.19827814681135,0.0020766134720268054,0.9868653821521476
exp644,329.09720497861184,3.425892135098131,0.4712772952214582
exp645,119.83707862581709,304.7116985118762,0.05706812148392769
exp646,337.4340479554099,3.136988522907839,0.6075820401785341
exp647,377.20997826334025,2.79275473091236,0.4895162943369273
exp648,96.74340989224994,0.00023633207901810037,0.9958762659719382
exp649,320.24292678493686,3.0233954792120414,0.6714099774250275
exp650,191.92114157061613,102.80214502773993,0.11724708056187973
exp651,69.70159300723483,0.0027544098485396892,0.9898744377412131
exp652,78.68476296911113,0.2644198935834187,0.02730400964560242
exp653,323.0944117890319,2.333477890709119,0.6719760873406967
exp654,72.80006524094416,0.0016544329604654593,0.9965983295211386
exp655,121.1821022758356,0.00031770068327985937,0.9980299493723745
exp656,169.9288129909715,0.0003268471884943555,0.995522067988125
exp657,226.49696628003008,0.015811319470120228,0.9838002321473094
exp658,95.1031345614335,0.0004133491447528626,0.984165071789126
exp659,313.61978791717485,2.922685817731822,0.7169002134823673
exp660,105.1642354035643,0.006920149969639798,0.994922896328757
exp661,198.77279813037327,1.9768573047924451,0.1884451352464632
exp662,142.54684509235483,0.006029249441857848,0.9913123219291486
exp663,213.86592489211714,2.2570165938821547,0.2747521559051085
exp664,62.54045937820782,6644.247555161352,0.010269401175379387
exp665,312.6131659434891,1.3290927076904937,0.483897946858294
exp666,97.28842145620563,0.003353366210179398,0.9785868886224389
exp667,147.09898545873688,0.0029558702568807695,0.9883401275186092
exp668,26.085775572642348,44286538532.246475,0.021365504219318016
exp669,22.007045882044494,8587567365903.48,0.027449498428781072
exp670,84.89277642282843,0.0003624540750685233,0.9969051253752307
exp671,522.1739469160287,2.6886842548927112,0.7859279102601259
exp672,29.970596125008566,2835001774.1567173,0.03266290449796195
exp673,32.13665261426501,1104010379.8140218,0.04161044647026268
exp674,30.7918106134564,5769326003.30926,0.05441074717391452
exp675,149.1826163618701,202.94995244187695,0.0588088782156109
exp676,114.40565471548905,0.0008602379123418168,0.9847983293558321
exp677,21.808003916166975,6274154240228.815,0.028581989847552235
exp678,397.9488722219084,1.4741676562247843,0.7254679478011634
exp679,264.17836319454125,69.44950240808754,0.2644390273211648
exp680,72.44706858454205,0.0008645789516714589,0.9963818112202145
exp681,143.47702873408397,433.69189821067596,0.366370559710166
exp682,224.8859023686602,85.79346991678379,0.161686082809859
exp683,152.1870597999033,0.00020949308296766423,0.9964476583777411
exp684,38.8877115307702,69170130.9611179,0.05268913968148809
exp685,43.634556052717656,15545356.471150618,0.07669510889417246
exp686,41.926359902289484,28640495.61228022,0.05667979300059945
exp687,95.67497824449963,0.00028398752652607846,0.9958453827145883
exp688,45.324162699797895,12169432.629734492,0.06579352524501447
exp689,175.69348568022684,0.028265219418735436,0.9959433445580397
exp690,119.17857274262622,0.23158616213992822,0.02047916722615603
exp691,72.52656773836291,34236.12351293391,0.1231916247581593
exp692,104.08082182611771,603.3607143078729,0.02929966680692273
exp693,32.748517584434765,1599513437.6026127,0.04491082312235069
exp694,139.7810149964688,0.5519722376676403,0.06448448863960936
exp695,42.32344370939606,18139035.343960606,0.04661740429581112
exp696,292.82665275400865,58.60105404291423,0.25717802102853415
exp697,54.291730729233905,1020368.4208983093,0.06714039598753815
exp698,33.771571706710105,834760679.7942023,0.040438936601436576
exp699,119.58269145263625,0.00015022605898097881,0.9910967098175826
exp700,36.67716587990105,160416557.61905953,0.06258684104182062
exp701,61.95424667762996,327018.5756840087,0.09804150150622223
exp702,49.95790633768215,1502066.0344980569,0.048207871264859356
exp703,82.50798010809899,1510.9996286419914,0.01449932300584814
exp704,23.571527891785657,2527605610177.3843,0.04307405159933305
exp705,23.451292229246327,6257434526155.553,0.03499607741170903
exp706,73.79282140300153,0.0008211787188086429,0.9969054595619034
exp707,248.04966536007163,98.19042947779526,0.3204924848306223
exp708,50.281714519174365,2901090.8999537993,0.08546414862821422
exp709,43.476024239102436,15744947.444335865,0.04880602316929918
exp710,27.706354976972502,33658900528.88594,0.0476138916991199
exp711,73.30480123829697,45787.05467131465,0.1155245287730585
exp712,134.80684295004588,814.3050442780047,0.2362867803363769
exp713,43.79893002037261,14822281.533783259,0.05276639736816359
exp714,47.890996861958456,4743246.815414527,0.08130840154029441
exp715,16.479495913549908,1.3155888155337085e+17,0.020948783239624014
exp716,52.619112705328774,1587139.1810794473,0.077075503702688
exp717,96.26839457720982,0.00018847583087362764,0.9967619906744242
exp718,513.0234420110655,3.2737340289188657,0.5279276896601103
exp719,55.14941556838065,987500.0102486822,0.0710401500902701
exp720,181.6552611452756,140.07642829310248,0.09471066919652484
exp721,224.14131015143747,1.547157223476241,0.0883658472584159
exp722,103.59741745171824,0.0007883999929074542,0.9793291353814567
exp723,36.85092775141876,237733223.061863,0.039619760584561486
exp724,108.82192968777974,3608.821639386816,0.1509092588284614
exp725,117.64237974002396,0.00015216316956811096,0.99485090586816
exp726,113.63430805517476,173.97910247784856,0.04964615866871306
exp727,308.01472570473834,56.462165893678446,0.483920618779739
exp728,34.50005466853658,546015619.1919206,0.06264445013584026
exp729,195.52790519525402,0.0038847065596094,0.9970433020663741
exp730,152.35019158915867,0.006253424362170334,0.9903667318744076
exp731,103.09489243567378,0.0009272905982419788,0.9949899116807575
exp732,118.5194426570436,0.0005216374697037871,0.9967623023849483
exp733,99.04030613825843,0.007026060910857431,0.9906616918824513
exp734,106.58231503492327,0.00021282307156543737,0.99772657456783
exp735,134.9438901772874,0.0016028815971573516,0.9963342417973428
exp736,360.8390654724575,3.1442001377416253,0.43641002708967713
exp737,101.69066303051794,0.0038674731684800916,0.9944639986397519
exp738,116.17726012164749,0.0001364623326019227,0.999565193561183
exp739,106.8407752226337,0.000564591868324813,0.9995700735288421
exp740,13.22508523313823,1.5158434356289097e-20,0.0008070386272154867
exp741,110.71647818817216,0.0008282284791648614,0.9954754518595218
exp742,84.50008795879083,0.000265163782922624,0.9963603319565225
exp743,348.8279356713188,1.6770594380893415,0.530445245514314
exp744,129.14165989004215,0.0005792630135862416,0.998890083802994
exp745,84.04064743007449,0.00932964559920365,0.9881117085554719
exp746,131.65551735306795,0.00032953355271833526,0.9994317542752346
exp747,170.11048199615206,1.8061192794928127,0.16495269226734718
exp748,123.39952679601167,0.0009525335971975097,0.9916101327528966
exp749,128.92171679340083,0.0009717009029016713,0.9962362121008002
exp750,337.7879882276319,62.78847969663015,0.4353876970053344
exp751,404.5795812478608,3.037348351928692,0.7132434588365646
exp752,52.436904297935705,639268.8478210405,0.1088381199528889
exp753,235.41359575820917,77.02515591828015,0.422495622519622
exp754,143.56177635371637,0.6323490855619383,0.04303927187853018
exp755,79.16080035718224,0.001040209054716096,0.9896128722142509
exp756,356.561254360092,2.851245606843222,0.7057653654366964
exp757,114.5294987287811,496.91728267108823,0.17652937123032558
exp758,229.3495697470989,1.1695747402634207,0.49705377772625864
exp759,111.91030669602274,5.734231883728582e-05,0.9949130305033543
exp760,100.0924391442864,0.0005456372349871968,0.9953629844421841
exp761,150.57405834805297,0.0004616468403245845,0.9997661003408399
exp762,110.73435265661685,0.001198832728721635,0.9976494156715602
exp763,175.24457995347254,85.20814048422635,0.13373896977118604
exp764,214.77262747229,0.013481475429649527,0.9977602870881993
exp765,104.68256761540451,2.8146172517320146e-05,0.9983083463651725
exp766,4.148889645134107,2.057201302373406e-46,0.00012954312028189388
exp767,112.42495150244426,9.36657637529205e-05,0.9957879627505817
exp768,97.45370941970177,0.005915631934900071,0.9853885892341365
exp769,345.92947683780534,1.779802945168855,0.4479640205728601
exp770,100.89851887626035,0.0035335075620034698,0.994440369124462
exp771,110.9489162595643,0.0005044990331929996,0.9974862434197272
exp772,221.10172268132035,95.24097487491808,0.3196857415728802
exp773,86.79583777985589,0.15313205650453546,0.022007943506973538
exp774,89.95446042281714,1.8563403136472746e-05,0.9978568228834039
exp775,101.33739890189538,2.9299976667880005e-05,0.9964406372801592
exp776,278.56484529148065,1.381916728828241,0.5144937674085919
exp777,94.79194948081404,0.004510644024982453,0.9921416375969427
exp778,220.33293368653275,71.71821104815359,0.19644448769707817
exp779,134.94564207296867,0.008125165675100549,0.997054159502463
exp780,307.43988915033975,2.325402577498144,0.580533340346505
exp781,113.300640476117,0.007702724415233632,0.9944779167046979
exp782,100.25913518242923,0.00013160742414661087,0.9960811877080848
exp783,360.6644066152538,2.607436969658749,0.47537113969462375
exp784,260.6402736369148,1.0728724955177076,0.5218571688724336
exp785,300.9887614361863,2.5777345998629166,0.629361280060399
exp786,108.6849138267974,1.0233974196557088e-05,0.9992485857061261
exp787,342.5090388330284,2.5190779677843556,0.1897848826104496
exp788,121.55959789844053,0.0007019699657920716,0.9976936357576901
exp789,160.99377149919707,1.1644799195706945,0.09452251402394023
exp790,207.57926347291126,1.9600862699279726,0.168385800280769
exp791,68.62402639048143,606.2557032997449,0.01574767833359583
exp792,422.6858105908047,2.877962239037066,0.5693279800863564
exp793,121.80747130593484,0.014128404233832584,0.9914489759187667
exp794,214.4234619114027,1.9007640530393337,0.14866682572192308
exp795,92.01923223587167,7.034744110237854e-07,0.9990069676746771
exp796,370.63424059276605,3.097404606348918,0.3920041064810022
exp797,340.7212252965284,2.937610109528146,0.39897306836528684
exp798,316.1124322763592,41.76867003869056,0.37985351468672607
exp800,101.40780769977269,0.0027776005719215386,0.9950873835674064
exp801,105.25371650281183,0.0005692061551998155,0.998770460801383
exp802,61.81545132056751,0.0286168237790925,0.009737582826957423
exp803,244.82738263925873,1.7848109868501179,0.10778222012166196
exp804,486.838357299375,2.8872843834921107,0.4881291695016288
exp805,412.89593202461515,2.6685781928924714,0.5105011815605867
exp806,105.5738685255433,0.00010086250180624482,0.9959877692465243
exp807,482.45241466045735,3.0520724064131217,0.6575940471865939
exp808,383.4456952735332,1.6073583970613579,0.7194574758307165
exp809,76.4464584504957,0.00036598475091861925,0.9970464840056993
exp810,111.30218606215902,0.002456174454514757,0.9947462076793271
exp811,233.3976937056665,62.89993628692097,0.32776480515428735
exp812,170.99661377961715,0.0022130384545920273,0.9964729830248323
exp813,158.5654989505803,281.8962489729408,0.2999201702927593
exp814,122.46706794294556,0.0001709640435112105,0.9989844363196491
exp815,112.652417266858,228.55495459720507,0.04724759158251928
exp816,51.01047040937508,1023988.0790568908,0.07720238309191153
exp817,94.11215723508684,2765.5847505993056,0.15944608008561187
exp818,90.76170495197816,0.00043066256303139,0.9950334559272159
exp819,341.95454754804945,1.0645018145399097,0.4798492319470321
exp820,88.57585455531627,1.3048904570126363e-05,0.9979625276497387
exp821,93.05842906274195,4483.946739695949,0.16212564615458044
exp822,409.66478516242165,3.117189014295152,0.4088744120100482
exp823,479.82642811290276,3.0701446399765877,0.6038568347722275
exp824,129.7352589024142,4.918741660651264e-05,0.9968571754580081
exp825,127.43782120582411,5.254771062848956e-05,0.9968536158749953
exp826,10.33121432477742,2.338017272383095e+18,0.0003315034548995625
exp827,229.7516443463075,67.36267992574852,0.35393698738433
exp828,213.21574688919173,109.44340741718204,0.3420359910427636
exp829,76.23132120625122,14155.754046731221,0.14010424639860544
exp830,192.80860881428393,0.08339833444605423,0.9723359558314039
exp831,293.0788858168202,2.4715306030680817,0.20849337569252357
exp832,198.92290308421394,82.64592724083927,0.1804786072736921
exp833,174.07838666669798,0.0409285940049287,0.9931702211283683
exp834,429.7568844460786,3.066070278157266,0.3751882212468034
exp835,97.77893686543345,0.0006728319586558261,0.9951192617792818
exp836,51.59108561114537,1837897.0590352074,0.057694840876701126
exp837,151.6577741859697,323.2241653191822,0.22109881959701527
exp838,209.50641672401397,0.08376813630837941,0.9904731260781923
exp839,44.1242294563647,5414048.647365956,0.05207426941610741
exp840,404.0181243583776,2.9141534907992797,0.41658662429559307
exp841,471.9819143366545,3.2447322889175023,0.41342741893533974
exp842,106.43299748452026,0.0008168157522546018,0.983570506360817
exp843,128.00557718278878,768.8823813301594,0.2254845992781148
exp844,89.19325398095523,0.00013369680569063776,0.9940755483626612
exp845,91.5295165132297,0.0002735141358351152,0.995662114633544
exp846,79.16252408927974,6.654239798526313e-05,0.9953811619358619
exp847,397.34411311644425,2.8913812954203575,0.3325649323021888
exp848,366.0111438135336,1.5131538092220902,0.757681644706747
exp849,144.97700228202663,0.0002731785226832185,0.9953162244502672
exp850,82.84484772554987,0.11376759852625791,0.01825179650625884
exp851,80.5749571788057,0.00019034387855204656,0.9883417186507577
exp852,487.51601957386714,2.009450807533547,0.5559096316712767
exp853,495.8429782680548,2.7594818944490243,0.481057508849183
exp854,114.97327310814305,1.2974497027457143e-05,0.9965291096260559
exp855,183.86814034308136,88.42485391300559,0.12084260799978988
exp856,86.48731242347587,0.0005799268782423594,0.9942151367884291
exp857,144.6188159151962,0.39861008634745565,0.031661253072845494
exp858,122.19735257286082,0.00274729431258004,0.9906929704542835
exp859,85.62404799127906,0.0020592645799422677,0.9944165328701361
exp860,117.71951034385432,0.00024815222154437515,0.9992495002713272
exp861,14.956275291027156,11560255924.986992,0.000944411461819835
exp862,120.05545604153114,0.13159324013837703,0.9990949264531058
exp863,99.37130550777889,0.02583663000605179,0.9911992629426052
exp864,134.1872242186136,0.004130877615594279,0.9978147278180544
exp865,120.3532404402871,0.030741721651541175,0.9997229377306047
exp866,135.27506683650546,0.04601331229239637,0.9902763974435681
exp867,112.14241622606339,0.021627864561530704,0.9944206330270008
exp868,125.23890807025448,0.00040115872219077185,0.9961533714518741
exp869,130.23705568631883,0.005096520429981005,0.9921434739037132
exp870,81.47650245103546,0.01317320058165797,0.9827734978395793
exp871,101.04478263553672,0.0007333612120206674,0.9980452420364598
exp872,156.74442620400555,0.002329823198948802,0.9955008731839734
exp873,100.15723825204552,0.04100887675469697,0.9919029052600139
exp874,167.36518643196916,1.3711256518526334,0.11238577722966026
exp875,117.04957218946323,0.00437066681490936,0.997014812487771
exp876,340.63696298189046,2.9336196072146414,0.4939863788205799
exp877,58.16214428288096,0.0011747846511353081,0.027067554377516255
exp878,111.34533223236954,0.0001932637454488333,0.9998319570107762
exp879,106.55195502150033,0.000425096729532859,0.9976477643826789
exp880,291.3336060516022,2.6921044379163606,0.619941359076857
exp881,115.54211277573418,0.013989272422664593,0.9955534438428598
exp882,86.2883168520761,0.008570361149778426,0.9927925477785763
exp883,88.40901086078588,0.0021317026170404787,0.9971454258353196
exp884,113.8041162095704,2.2228706820312428e-05,0.9954493272475958
exp885,75.9732453456268,0.006264535376970185,0.04608144072126916
exp886,146.7900677146701,133.51323274103757,0.09057041644389262
exp887,90.44864562088527,0.28208465589897114,0.038715124499786105
exp888,114.05847536044799,0.0032444102256295143,0.9979380997988138
exp889,93.7072672107117,0.004518309720354775,0.9948008381541187
exp890,65.55916349194327,13422.257261992943,0.04255202900131127
exp891,227.57950471627478,2.6554374889758465,0.4771950652195309
exp892,102.17556423059781,0.0028004982581765663,0.9954855148427495
exp893,77.46529683845883,0.007288063752200084,0.9895917908031573
exp894,71.2190898044591,0.17203360685384397,0.023798728628517958
exp895,161.82642130237366,2.3975058739698216,0.16642055665539593
exp896,6.670533617938025,5.61628711141239e+21,0.00032273518344155035
exp897,96.98865277552339,0.0004132235455626325,0.9989843079564159
exp898,111.67725529905321,0.018668500434858293,0.9955650040837261
exp899,81.01683331534873,0.008715438157971683,0.9918292839613004
exp900,101.69087069862381,0.008136244132037607,0.9911718562747134
exp901,147.11331488899557,165.62862822114624,0.2785173070843865
exp902,13.229356177246466,9.734392947307873e-15,0.0011596100917929048
exp903,98.80435339499846,0.017619235783211114,0.9880413937423688
exp904,121.9152238728274,0.002173150393089954,0.9939505784254018
exp905,237.06162544866407,2.59165571340441,0.5302206877337621
exp906,129.0820134291649,0.00013494617145024353,0.996059187572774
exp907,99.54239381777727,0.010350274889653054,0.9904609458781856
exp908,189.5466903606756,2.4204110645545773,0.25447787748175305
exp909,343.9159711798547,2.95155400128883,0.5897588503496216
exp910,74.51383274795481,0.008677112012122635,0.9835795464719389
exp911,133.33002020408836,0.0001440711434067856,0.99476019748366
exp912,138.14634269235782,0.008264017090073881,0.9946295171007115
exp913,87.28987702696399,0.001193403612934503,0.9978939545738308
exp914,382.09351429798255,3.1401020705363116,0.618091359763705
exp915,121.27366367371778,0.0011706216500594622,0.9977966419694909
exp916,97.40670982866004,0.01708306045653256,0.9948574783471249
exp917,94.30366551036718,0.011756225832614932,0.9942918829527786
exp918,83.46064802886451,0.00644815595738694,0.9933906688617193
exp919,99.12082512167076,0.01869000112917594,0.9947762401410488
exp920,123.03139196096554,7.095927742331084e-05,0.9974208326975584
exp921,87.4068000618924,0.0025901453812223318,0.9973519988648682
exp922,98.78652798779073,0.029917196852448997,0.9891993073547465
exp923,112.17093088388525,0.001661227338908758,0.9987017221473902
exp924,94.0555355009192,0.011093909084362854,0.9900678283037262
exp925,74.64471765704948,0.0036225462810510214,0.9944863110692874
exp926,95.87491978130406,0.021314125475513045,0.9947709463116435
exp927,97.91804084388829,0.004383724971215894,0.9982797500159649
exp928,106.91439091049837,0.014673572748626363,0.9919887816164261
exp929,76.30422912171528,0.0028810297210535136,0.9934828208732156
exp930,78.64775708835438,0.001512972604437235,0.9980053198819978
exp931,73.26857425146177,0.001146233562905938,0.9963530843548555
exp932,73.16049175628896,0.008322912552484095,0.9904011105055326
exp933,80.15376851757813,0.0003478839318782357,0.9967950686726995
exp934,74.40013540499038,0.0028606573877461797,0.994419101216854
exp935,119.38515896784465,0.0011561511104887653,0.9930912503960608
exp936,148.2035494317892,0.014079594310638623,0.9957295154062155
exp937,80.76213021468132,0.00035268390905445873,0.99771921689134
exp938,80.11869049447952,0.006161786491659858,0.9923201295846432
exp939,95.76838338141664,0.0043849430828149395,0.9917626333340063
exp940,129.18419040792264,9.892615206370487e-05,0.9955919662563795
exp941,82.12837742703925,0.0008768382174370967,0.9980101325926877
exp942,124.64491249850626,0.0025754390393083982,0.9975870149212961
exp943,100.4241426651567,2.1583157909825725e-05,0.994751322883408
exp944,128.00355360041792,5.455545112258268e-05,0.9966020186810077
exp945,79.74968588739748,0.0009160854007650196,0.9914064470586719
exp946,113.2625215566943,0.014196885855131982,0.9874291225067701
exp947,171.86300566177525,0.002068370936852351,0.9951850962387039
exp948,69.9274488180198,0.001229969170068622,0.9967549699036209
exp949,202.88565471729305,0.009929396660828857,0.9895197924624608
exp950,122.16578507202465,0.022497446509016184,0.9872564260082741
exp951,179.7239888406693,0.1592603282944576,0.9738663944870785
exp952,160.1617215096804,0.0004203868071597095,0.9973848040482755
exp953,81.78773302825716,0.003429983658896902,0.9929551224165545
exp954,171.22471557287773,1.971184634372524,0.13666610870181778
exp955,82.05035891729929,0.0008836212460791356,0.9945923436660825
exp956,73.51916366542761,7.194216738343204e-05,0.9985060573686466
exp957,124.29208036486425,0.013714795549116827,0.9979468868944712
exp958,141.71177879317116,0.0005194749997428837,0.9982105080862176
exp959,78.99193586919004,0.0021740188332877533,0.9954607643655962
exp960,69.08922022117441,6.106757015896608e-05,0.9981802781949622
exp961,135.39388357728922,0.0024734819024672017,0.9983852563831905
exp962,130.34616346310867,0.010617239015297498,0.9921765197513456
exp963,121.24093996209533,0.004722889341291623,0.9948931037221189
exp964,150.86367317704796,0.04836093679081883,0.9892891964512589
exp965,160.64772627721644,0.0016028693280317277,0.9964986834997125
exp966,72.26130295517432,7.881058597863612e-05,0.9975869118815867
exp967,73.45615795647129,0.0001719773819008697,0.9966534551274829
exp968,116.25253554512643,0.0022810031725930095,0.9969343340345551
exp969,81.39574217224629,0.0008566765794154194,0.9979191069427422
exp970,157.860926268444,0.0008552965672326579,0.9962309526027725
exp971,116.1295862661251,0.0016471597926463652,0.9995041404749953
exp972,83.17797963714992,0.0003098891676830575,0.9982217319846026
exp973,140.73033196137916,9.174598200468507e-05,0.9948791171678227
exp974,135.20154570659224,0.0004622628054455637,0.9941618587172542
exp975,150.41915552644454,0.00018259383519804586,0.9949920441815149
exp976,70.76867016774257,0.0006065401428970855,0.997406769380124
exp977,141.5728401766073,8.775803274897237e-05,0.9947366298133754
exp978,98.75401153237182,0.002540885614620335,0.9945229817746426
exp979,149.17129748682603,0.00015355601093451865,0.9941179484463394
exp980,141.09735827343405,0.0001783432883738046,0.9967456382218595
exp981,144.83495964934716,9.399553692113627e-05,0.9970474613946854
exp982,110.68513703215014,0.0051596088012815285,0.9953681139731378
exp983,357.7063821912262,1.9703380021639971,0.5322686915663731
exp984,79.7930272273643,0.0020263517813218805,0.9913429263489919
exp985,117.07433411221744,1.922238194454894e-05,0.9956280591184505
exp986,133.56586318072425,0.004241399266316476,0.9962511793276477
exp987,96.87960432288831,0.00010473869219720209,0.9990203796009247
exp988,108.077205049837,0.0005628012186408972,0.9971103285103283
exp989,142.90476467593433,8.940755709161553e-05,0.9963979745334324
exp990,290.5281147474772,2.5151576485025164,0.27928844217400567
exp991,92.36843227201773,0.0015046011315235598,0.9939542475901083
exp992,108.54801305529436,0.0014203984727109652,0.9953565965846153
exp993,79.1899962488836,0.00015734210837746294,0.9924102795357561
exp994,54.328469540536595,816627.2424927952,0.055624128650290386
exp995,363.1423152355981,3.0276137712190803,0.35897802802228396
exp996,398.92688673601737,2.8537329386925663,0.5536756684173104
exp997,130.96465446677672,0.00011073468885474758,0.9965771144218581
exp998,305.58726858162134,51.629623213136725,0.30972815153888894
exp999,109.45176774237513,0.018141269563752994,0.9936861002047988
exp1000,117.02745284412883,0.0013757784915921787,0.9939870093303678
exp1001,266.2313527082214,2.4885178700094643,0.24463538776868482
exp1002,299.83599396212196,56.53169153901451,0.5529961540946126
exp1003,415.36100768177266,3.080570265820526,0.4276232647732657
exp1004,92.36004898835466,0.003154179157942612,0.9916340149837852
exp1005,165.91083039064677,282.8655104426671,0.28511933711201326
exp1006,111.8530175668535,0.0025863786692572246,0.9934441457624262
exp1007,97.1859081117808,5.433241119404544e-05,0.9977884233324037
exp1008,93.9953300136102,0.0008908885026575851,0.9982113815448164
exp1009,228.17549805792788,1.6769581984736222,0.09105160563798322
exp1010,90.07633426747289,0.12183876959049218,0.014777708902343673
exp1011,242.32223311752998,73.82689954352043,0.37836873109831215
exp1012,79.55273024613551,0.004859675626729357,0.9909335955689043
exp1013,109.39892633575533,0.005300358610378483,0.9955516145012127
exp1014,114.82948439312135,0.009223915253740363,0.9904787151299261
exp1015,430.638925542064,2.741006451293355,0.3740682374410675
exp1016,74.52811335072772,0.0022211515318847474,0.9874235792340388
exp1017,112.65665722108935,0.0015316654058559023,0.998145760388382
exp1018,105.55309495460128,0.008374291412141717,0.9909209420454558
exp1019,117.29068755229234,0.0002207409345122978,0.9960664443813283
exp1020,290.99274390560623,2.3680013546514487,0.15948879874649027
exp1021,120.51361729897141,0.0030168487605040117,0.997813691747633
exp1022,109.96974452954137,0.00014600793654698463,0.9991853642143994
exp1023,1.3161586543954615,1.0572708316270897e+139,3.3250556538848103e-06
exp1024,78.2491831087885,3413.3631905075104,0.03272945501559676
exp1025,100.36195061437564,0.006548683246462679,0.9910492875975445
exp1026,112.55368218304011,0.002833757183210086,0.9969028238081632
exp1027,112.8700773378313,0.022186753796181336,0.47198458574032187
exp1028,102.95306678876676,0.005622472442427935,0.9929956621412526
exp1029,114.47619387767934,183.98385365918148,0.10553594571688682
exp1030,123.70265486012173,0.0026075174877839493,0.992891680547753
exp1031,118.63322420666584,1850.3451213137798,0.17645603902734538
exp1032,71.69456158839627,0.00015599031897184102,0.9950603423745032
exp1033,307.86738963738856,2.582729454995544,0.32368603453983785
exp1034,83.28757475132728,0.004512342120752215,0.9926807996230202
exp1035,520.655098232067,3.0435856979278815,0.6477263947196288
exp1036,110.05920422315177,8.263004446356491e-05,0.9973747004780672
exp1037,105.21139003463809,0.00258567751070594,0.9925571658931586
exp1038,121.96425634009628,1.620583718104564e-05,0.994406883461935
exp1039,26.219055543422623,100789049816.40817,0.057337403495872054
exp1040,303.3133130089046,0.7451426489181386,0.46191002805444087
exp1041,81.95451495938416,0.00019010999855821918,0.9982449489661901
exp1042,94.88246585389324,0.0012261986407069107,0.9942808883257267
exp1043,108.46128567830728,0.005610151699168916,0.9946830349907998
exp1044,104.39665386314782,0.0001809084568526338,0.9995247997685162
exp1045,78.56338686903511,0.0006916851066502309,0.9968746867447501
exp1046,148.71438892201766,0.014327628345820862,0.9875107945996591
exp1047,70.88519785898701,0.000740870088032244,0.9974540475051193
exp1048,103.10880395676878,0.00033875427083760015,0.9983540233732485
exp1049,77.73212929245038,0.0007638250158618705,0.9965154645364417
exp1050,118.5628928892673,0.00011912150662287169,0.9956077060346441
exp1051,119.13519410868767,0.0004785274911330194,0.9988423243274634
exp1052,579.3237731473548,1.8732426853342614,0.5056719887501832
exp1053,114.26116844707931,1.60086510680302e-05,0.997401752065079
exp1054,19.91170029080776,1658853488.8450449,0.0008839038231636472
exp1055,50.03618348425971,1546180.7127447533,0.10466051814917196
exp1056,88.03729332939778,1.8921207567866023e-05,0.9954873098499383
exp1057,105.72894165101135,0.00034108826550217474,0.9984608050075346
exp1058,118.68867170542606,5.958768244271792e-05,0.9950963995842852
exp1059,107.00255964443281,0.001028681714360479,0.9981947913605143
exp1060,76.06163456181139,4990.261934046557,0.009780128469263658
exp1061,106.40227684787098,0.001004077868069616,0.9925376108137813
exp1062,77.11889068904279,0.000284459913788861,0.9983139982299802
exp1063,84.86491933412526,4.7602388261842316e-05,0.9941177583964905
exp1064,140.58941604158733,0.00011736678010605242,0.9949729900193086
exp1065,102.09415847740364,0.001489285105059832,0.9855821907934614
exp1066,55.421046239867316,691134.3749896954,0.06931003996831281
exp1067,128.42076683847313,0.00020272448826980807,0.9963655187933562
exp1068,102.27728933167324,0.0003690475697230823,0.9970146454714404
exp1069,439.8165774931711,2.9810682931458516,0.698194048016638
exp1070,102.1977447704734,0.00028668513312748566,0.9973668641746348
exp1071,291.7894793125358,49.33707577377915,0.2550744872621067
exp1072,87.7307872706983,2.619145640280219e-05,0.9978063477218557
exp1073,116.56715167791492,0.00024616642661549545,0.9971141361664044
exp1074,114.36173161451647,0.0021337271900248936,0.9973123859208876
exp1075,112.96297463286064,1.7924631375782666e-05,0.9976685329954177
exp1076,93.6097755943658,6.60798430950415e-07,0.9974446747343585
exp1077,77.54223881536507,0.00014111604743024462,0.9984187892846063
exp1078,499.0860712135791,2.699461746470492,0.6955823785022022
exp1079,104.8505222995317,1.0068028374345705e-05,0.9965961781693415
exp1080,387.88694686197607,1.672748132264986,0.6947061598717861
exp1081,192.5019036022067,0.020213511625481316,0.9865870059177001
exp1082,98.39531022004375,0.00016069638224950217,0.9991455784234428
exp1083,115.46447349700166,0.0004371269218480904,0.9971580805545999
exp1084,70.2198025450537,0.0008234656617583246,0.9965732149181239
exp1085,29.924265870870276,1551816871.9097505,0.05377373516191274
exp1086,26.535484055151766,90896713.8391304,0.0012660199953828705
exp1087,125.39080176927281,3.0148136068605724e-05,0.9950706837098535
exp1088,109.56720295033111,6.022678940067205e-05,0.9984945971830951
exp1089,69.9928676589413,0.00041139865546331947,0.9971736353603027
exp1090,250.6931401515207,55.07290133251178,0.198303310240591
exp1091,493.8302295798602,2.986222790135905,0.7315542612144955
exp1092,490.49586888255067,3.0655676243157783,0.718533866642218
exp1093,70.14361834286319,0.0009636976939712059,0.9974257711173005
exp1094,96.73635000944172,1.8513464555789813e-05,0.9974838375115224
exp1095,447.101769910845,1.8132068989365109,0.5618020624086839
exp1096,106.11050787798008,0.00033596069338152266,0.9994096074696149
exp1097,105.03498497114641,3.189926284594843e-05,0.9979024703125777
exp1098,109.50883523435226,0.00032031026538897347,0.9975250649438065
exp1099,153.4121204617449,0.00037605816749427623,0.9994773141020237
exp1100,93.7344906337141,0.00358930874711913,0.9919739935148005
exp1101,126.40943512729052,0.00024725505560635393,0.9959395529906255
exp1102,123.05288854297548,0.00017838370925796145,0.9979250070635992
exp1103,81.097624953263,0.005192323302006481,0.9900233260517637
exp1104,131.7157811872726,0.005912968744589899,0.9990118520907492
exp1105,77.53122284382587,0.0019801233020054964,0.9976498501228165
exp1106,100.39920373880386,0.028279967805035795,0.9949436435281357
exp1107,149.97515629513234,0.012081622438020346,0.9984137837577498
exp1108,316.7570880697579,2.8011790648945465,0.7086591926338887
exp1109,80.47203102421213,0.004204613029686024,0.9922069591775796
exp1110,111.02685456557846,2.9410207782391097e-05,0.9988488815774824
exp1111,104.82202199114138,0.00034850020712612096,0.9990645359671293
exp1112,141.57581886764655,0.00020898241384890165,0.9959256375715659
exp1113,217.3495594455762,61.32468406411126,0.1631264431066528
exp1114,158.35860950094659,0.00019537923412773838,0.9999366536949634
exp1115,129.77648274668906,0.001542448267850954,0.9993885045742106
exp1116,128.1226192528665,3.0673234290357876e-05,0.9977137666576839
exp1117,85.4087643860642,0.008086771075072982,0.9904523257576113
exp1118,147.4507930005932,0.006927462242000117,0.9990779792589005
exp1119,131.35979832216626,0.00011105824441032868,0.9980248081375027
exp1120,101.0556780198292,7.903723783971017e-06,0.9938137482476792
exp1121,104.27430675182207,0.0008101490348191487,0.9958030437077934
exp1122,147.33698103894383,0.0030219233303051415,0.997039608358713
exp1123,131.2040116599543,0.0016548207124508717,0.9985020754011027
exp1124,98.29024540540482,0.002596011675952897,0.9927430987910998
exp1125,161.80536720257285,0.12486975393060755,0.39173061226155814
exp1126,105.8608653713566,0.00019379552300508544,0.998869718984681
exp1127,105.30833936716182,0.0017376980927057393,0.9981414981502638
exp1128,160.6408432902085,0.0049392726545466,0.9976014047656849
exp1129,186.1425290931827,0.0037681740476241676,0.9969823087703988
exp1130,96.67902072292165,0.0011712326168626269,0.9987763847932295
exp1131,139.50515548118804,6.404667675302644e-05,0.9967286587114921
exp1132,155.5712967838906,0.0008121882798144627,0.9937259758637317
exp1133,346.8401793103212,3.0436972964349196,0.5663842131133142
exp1134,109.34762651847501,0.0003109990776609324,0.9978113603559655
exp1135,149.22125037984836,1.0263238683700497,0.08044905408242654
exp1136,77.00713595749774,0.00011600420361566693,0.9975794086429034
exp1137,83.1751033445267,0.00024900210305556155,0.9977514878901129
exp1138,107.17449855172923,0.00041743706827808625,0.9983192918487065
exp1139,398.0945473163251,2.2147524544900956,0.5958178338801825
exp1140,65.26401508830841,0.00023743085499502197,0.9949098758529729
exp1141,88.52279780914942,0.00028664745064477785,0.995717466709472
exp1142,125.80549794266163,0.0007134383782827955,0.9999012749859396
exp1143,181.1800046561036,0.013716558106105866,0.999418405525206
exp1144,102.95462749893376,0.0012744232001419458,0.9986446332187878
exp1145,72.70115624552503,0.00034282632259998347,0.9971011182153139
exp1146,108.7030506981111,0.0020867519029605652,0.9990345857541509
exp1147,81.80034180427268,0.0059219910722866755,0.9889712091932347
exp1148,127.12914268755429,0.000727733844068032,0.9991764539457603
exp1149,145.44284938295502,0.006599322226081624,0.995604480729063
exp1150,117.03425711097734,0.00017111887822823753,0.9978151794801338
exp1151,99.61471860193494,0.0009356934266572616,0.9974243592577839
exp1152,130.26330881058524,2.0428537562654717e-05,0.9975304421568829
exp1153,19.579249245293333,6.363250994814767e-11,0.0027882412849229944
exp1154,109.10044631900855,0.0013258002561879218,0.9951011397289533
exp1155,55.46578626562826,15866.181693908855,0.006958207665416894
exp1156,167.93103305741764,0.03693799400052634,0.9870951349903131
exp1157,77.12269081952697,0.005015960306918218,0.9888509734752076
exp1158,103.83543860489773,0.0012936452764358002,0.9964464225146434
exp1159,128.12256216633068,1.5677943752690928e-05,0.9994384188239023
exp1160,108.65604932414576,143.9564226031111,0.06349569865979257
exp1161,98.09040198399387,0.006974916888831467,0.9938059845334009
exp1162,338.7297502948032,2.830119989833243,0.446801892206931
exp1163,74.87719571197032,0.00018487688336091493,0.9970271452260717
exp1164,218.5929646123617,2.4281627124132346,0.19547151590675108
exp1165,150.41725871158027,0.00021640495982106698,0.9982851796785639
exp1166,110.20830188861817,0.00020978451763072474,0.9987677303919142
exp1167,110.89056027193602,0.0007537787881513027,0.999914476701949
exp1168,147.456176243409,0.0039809777815561186,0.9985505171535899
exp1169,107.3355737622912,3.94670204510323e-05,0.9997370166303642
exp1170,98.45139101210334,2.9650641795738152e-05,0.9962429492309224
exp1171,123.8961333373438,0.0028771581232306287,0.997900016803024
exp1172,99.17933197180895,0.00040315378630324843,0.9996457842101081
exp1173,116.248663084639,0.0013532187672537148,0.9978215425397612
exp1174,175.3989956284198,0.00042605274042330996,0.9948829980662381
exp1175,2.2995707878183786,4.117411535102099e+59,1.983661545929839e-05
exp1176,110.1173511020119,3.733929797352397e-05,0.9963027447386907
exp1177,71.61472468336719,1044.9045814042945,0.015811406271127607
exp1178,82.09248401506788,0.0010681492935115519,0.9930391844699629
exp1179,91.18792698439223,0.0023378988336414798,0.9890015981290294
exp1180,125.63125002536701,3.740568084822259e-05,0.9990392427366878
exp1181,88.36833299030545,0.01006729902440804,0.9913648106523458
exp1182,103.38087144836578,0.0033429226094551534,0.9936315578553214
exp1183,131.22139750466317,0.012760976696313873,0.9957870849503793
exp1184,140.3900860076693,0.006819827410232999,0.9985282478656927
exp1185,155.72637970333588,0.0006791641730034753,0.9992306755407477
exp1186,105.76921784175799,0.0006217817650060402,0.9967899342211631
exp1187,280.17940621918945,52.66857259849833,0.3375756419311604
exp1188,400.3946347700167,3.02032420772455,0.6459384479377763
exp1189,82.51234141585303,0.0007651856586006321,0.9950499191015826
exp1190,116.95716894218201,9.984420438743498e-05,0.9937770094224754
exp1191,80.83313418750872,0.00040988538145895,0.9980118673043826
exp1192,182.47187714859223,79.52588683298798,0.10690970901033527
exp1193,93.74376953084011,3.096342927601115e-06,0.9946922582113966
exp1194,132.40093892725335,2.9630302666906528e-05,0.9995167758290876
exp1195,112.02479190043283,2.06483361815042e-06,0.9997021449053642
exp1196,113.34782782747577,9.033346006714553e-07,0.9996137791747187
exp1197,110.94705042100394,5.365952288076347e-07,0.9996351643230224
exp1198,87.73919393137179,3.2512581553230446e-09,0.9986703693102167
exp1199,123.0467170432984,0.0010309005877831314,0.9995418244693348
exp1200,132.21844639989334,0.007363050942264877,0.9956767584913211
exp1201,73.28439198118552,0.001828581621811351,0.9871851022854116
exp1202,181.2375400047184,0.007878174275574867,0.9988934528541468
exp1203,55.31112269175595,0.03249500089404573,0.011859031652225592
exp1204,277.5341345802872,1.5697713134140423,0.549469614036394
exp1205,79.65822699062409,0.0029185783034322336,0.9876054062632381
exp1206,148.71626563577854,0.008548094334930381,0.9939127060921892
exp1207,115.77462629183962,0.0015604696023922356,0.9989862093718622
exp1208,352.8783570119758,3.1248743352709374,0.6005116941716695
exp1209,142.22185536922072,1.2186231822913003,0.06759766517646375
exp1210,393.88711228459755,2.647921174164537,0.7420878021066136
exp1211,224.09849825689392,2.256467070348202,0.1949332092140332
exp1212,217.2082979083241,2.540412379162971,0.13880859648928784
exp1213,120.81086826552777,0.6925019544298151,0.051729676443264365
exp1214,112.75073301764309,0.016536176187410084,0.9873352291601075
exp1215,258.93748343493627,53.24227267990557,0.41349747244281915
exp1216,146.297846896088,0.020159579282425826,0.9948957762942904
exp1217,151.27125828415066,0.03031279270620536,0.9906029281016852
exp1218,34.34122667361654,22265.902264895663,0.0037567918950587613
exp1219,36.837473748449305,71371.88628833285,0.004710375176719856
exp1220,113.08065837251966,0.6917750310921869,0.03449746189949674
exp1221,120.81497058078284,0.03549135023069043,0.9834140003046372
exp1222,247.2795162872127,2.2766837786867824,0.24471809697740277
exp1223,242.21383173311435,2.909296070082222,0.1878598532544129
exp1224,77.32062161000748,1844.6904120503125,0.02339232648605525
exp1225,178.76347701239908,0.014842561044579714,0.9999649102471097
exp1226,377.41790216993655,2.884282933022373,0.7270779362719783
exp1227,332.2926634906619,2.6099238243521063,0.4445336793223206
exp1228,335.61551081090823,2.443654958081817,0.5939939227351496
exp1229,120.81575765912956,0.7184150677939872,0.04361520850504519
exp1230,588.8822817522089,2.89360857633804,0.6102179156343542
exp1231,85.61088636921936,0.0049069332614770185,0.9926016921404744
exp1232,128.97683425584793,0.0280953343604442,0.9905017503029416
exp1233,83.71668396320882,0.00517072478953587,0.9894026075428062
exp1234,409.5626034102162,2.62831335880896,0.7964264348018392
exp1235,150.2396828772893,1.230846303376824,0.07357106825321875
exp1236,73.68057464346063,0.18524073527639817,0.0186409144024057
exp1237,102.29144944958404,260.3760578676613,0.039821310040908546
exp1238,146.50778816064818,127.60155368189325,0.09602484331265822
exp1239,479.3399590387365,2.7322398934848495,0.47638935560501094
exp1240,286.71988684367955,0.3690325642043363,0.9427148512256112
exp1241,208.27367413773194,0.802949718501597,0.9894511885443263
exp1242,65.69822007244856,0.09089522361300865,0.014118516069560766
exp1243,73.68447619729804,0.21714247009316204,0.018435211091644806
exp1244,500.5368879437547,5.111521472925348,0.9712085006853349
exp1245,196.4526930077221,0.29092559664807044,0.9958127522230275
exp1246,194.6872285010863,0.7360064209152581,0.09988485661167083
exp1247,205.1944319419841,1.4195554596779811,0.11538484805823673
exp1248,286.32761922878086,1.762135761959584,0.5718771943263197
exp1249,464.6293697935732,2.561337668897562,0.9147301249895302
exp1250,322.8063219740874,3.034128456709644,0.4486237480663305
exp1251,358.7276429751824,2.888118239377113,0.6845890853955965
exp1252,307.9134371891172,0.7285809290606996,0.9568804470123048
exp1253,273.5442707030794,1.5670115907014115,0.5413443437375701
exp1254,210.77495076868482,0.14437363262765285,0.9993787251705111
exp1255,162.55467975698443,0.37667330177443326,0.9992468144925234
exp1256,155.24736360812713,1.4178480943550573,0.08889058804001128
exp1257,196.8437912800315,0.07628485332692903,0.9909518355017071
exp1258,261.90380691742604,2.6025787174953896,0.3243772202041954
